,"""Agents of S.H.I.E.L.D.""",In Your Eyes,Much Ado About Nothing,The Cabin in the Woods,"""Dollhouse""","""Dr. Horrible's Sing-Along Blog""","""Angel""","""Firefly""","""Buffy the Vampire Slayer"""
,1,0,0,0,0,0,0,0,0
"Lambert, Hallie",0,0,0,0,0,0,0,0,1
"Moran, Braden",1,0,0,0,0,0,0,0,0
"Noviello, Jessen",1,0,0,0,0,0,0,0,0
"Ferguson, Jay Michael",0,0,0,0,0,0,0,0,1
"Colella, John (I)",0,0,0,0,0,0,1,0,1
"Emelin, Julia",1,0,0,0,0,0,0,0,0
"Lopes, Danny (I)",1,0,0,0,0,0,0,0,0
"Wen, Ming-Na",1,0,0,0,0,0,0,0,0
"Blog, Dr. Horrible's Sing Along",0,0,0,0,0,1,0,0,0
"Sears, Tony",0,0,0,0,0,0,0,0,1
"Henderson, Lonnie",0,0,0,0,1,0,0,0,0
"Anderson, Nathan (I)",0,0,0,0,0,0,0,0,1
"Shaya, Yosi",0,0,0,0,1,0,0,0,0
"Allison, Frankie J.",0,0,0,0,0,0,1,0,0
"Lopez, Jason (VI)",0,0,0,0,1,0,0,0,0
"Davis, Kyle (II)",0,0,0,0,0,0,1,0,0
"Brooke, Simon (I)",0,0,0,0,0,0,0,1,0
"Todhunter, Chad",0,0,0,0,0,0,0,0,1
"Mutambirwa, Garikayi",0,0,0,0,0,0,1,0,0
"Ford, Wayne (I)",0,0,0,0,0,0,1,0,0
"Archuleta, Tara",0,0,0,0,0,0,1,0,0
"Stefanski, Sam",0,0,0,0,0,0,1,0,0
"Santana, Arlene",1,0,0,0,0,0,0,0,0
"Silvia, Jane",0,0,0,0,0,0,0,0,1
"Weeks, Danielle (I)",0,0,0,0,0,0,0,0,1
"Hoyt-Miller, Richard",0,0,0,0,0,0,0,0,1
"Winnicki, Kristen",0,0,0,0,0,0,0,0,1
"Lowman, Kristen (I)",0,0,0,0,0,0,1,0,0
"Johnson, Ashley (I)",0,0,1,0,1,0,0,0,0
"Messier, Daniel (I)",1,0,0,0,0,0,0,0,0
"Gunn, Sean (I)",0,0,0,0,0,0,1,0,0
"Downes, Robin Atkin",0,0,0,0,0,0,1,0,1
"Amato, Erika",0,0,0,0,0,0,0,0,1
"Zepeda, Joshua (III)",0,0,1,0,0,0,0,0,0
"Southworth, Carrie",0,0,0,0,0,0,0,0,1
"Pelerine, Nichole",0,0,0,0,0,0,1,0,0
"Parker, Charlie (IV)",0,0,0,0,0,0,1,0,0
"Newcomb, Bodie",1,0,0,0,0,0,0,0,0
"Nall, Benita Krista",0,0,0,0,0,0,0,0,1
"Gray, Madison (III)",0,0,0,0,0,0,1,0,0
"Vela-Bailey, Alicia",1,0,0,0,0,0,0,0,0
"Riker, Robin",0,0,0,0,0,0,0,0,1
"Wayne, Greg (I)",0,0,0,0,0,0,0,0,1
"Stephanopoulos, George",1,0,0,0,0,0,0,0,0
"Zar, Joshua",0,0,1,0,0,0,0,0,0
"Santiago, Susan",0,0,0,0,0,0,1,0,0
"Shimerman, Armin",0,0,0,0,0,0,0,0,1
"Gillow, Edward C.",0,0,0,0,0,0,1,0,0
"Hemsworth, Chris",0,0,0,1,0,0,0,0,0
"Sable, Wayne",0,0,0,0,0,0,0,0,1
"Oglesby, Randy",0,0,0,0,0,0,1,0,0
"Breckenridge, Alexandra",0,0,0,0,0,0,0,0,1
"Paul, Rich (I)",1,0,0,0,0,0,0,0,0
"Hampton, Chasen",0,0,0,0,0,0,0,0,1
"Carrera, Adam",0,0,0,0,0,0,1,0,0
"Prescott, Eric",0,0,0,0,0,0,0,0,1
"Gugliemi, Noel",0,0,0,0,0,0,1,0,1
"Oerly, Brian",0,0,0,0,0,0,1,0,0
"Hope, Ciaran",0,0,0,0,0,0,0,0,1
"Daniels, Kevin (I)",0,0,0,0,0,0,0,0,1
"Hinds, Aisha",0,0,0,0,1,0,0,0,0
"Cornish, Nick",0,0,0,0,0,0,0,0,1
"Rankin, Kevin (I)",0,0,0,0,0,0,0,0,1
"Donner, Jack",0,0,0,0,0,0,0,0,1
"Raven, Demetra",0,0,0,0,0,0,0,0,1
"Hall, Cailey",0,0,1,0,0,0,0,0,0
"Buescher, Julianne",0,0,0,0,0,0,1,0,0
"Arnold, Evan (I)",0,0,0,0,0,0,1,0,0
"Holder, Dierdre (I)",0,0,0,0,0,0,0,0,1
"Steele, Staci Roberts",1,0,0,0,0,0,0,0,0
"Bennett, Douglas (II)",0,0,0,0,0,0,0,0,1
"Fields, Edith (I)",0,0,0,0,0,0,0,0,1
"Caggiano, Edie",0,0,0,0,0,0,0,0,1
"Ma, Tzi",1,0,0,0,1,0,0,0,0
"Ferguson, Bill (XI)",0,0,0,0,0,0,0,0,1
"Ivanir, Mark",0,0,0,0,1,0,0,0,0
"Kaufman, Adam (II)",0,0,0,0,0,0,0,0,1
"Leshner, T.W.",0,0,0,0,0,0,0,0,1
"Elia, Paul (II)",1,0,0,0,0,0,0,0,0
"Trachtenberg, Michelle",0,0,0,0,0,0,0,0,1
"Vasquez, Sorrina",0,0,1,0,0,0,0,0,0
"Blevins, Ronnie Gene",1,0,0,0,0,0,0,0,0
"Stewart, Mark Allan",1,0,0,0,0,0,0,0,0
"McRae, Kimberly",0,0,0,0,0,0,0,0,1
"Ishibashi, Brittany",0,0,0,0,0,0,1,0,0
"Betancourt, Anne",0,0,0,0,0,0,0,0,1
"Perez, David Jason",0,0,0,0,1,0,0,0,0
"Lemche, Kris",1,0,0,0,0,0,0,0,0
"Williams, Olivia (I)",0,0,0,0,1,0,0,0,0
"Kazan, Zoe",0,1,0,0,0,0,0,0,0
"Crooke, Leland",0,0,0,0,0,0,1,0,1
"Trotter, Pam",0,0,0,0,1,0,0,0,0
"Hallett, Andy",0,0,0,0,0,0,1,0,1
"Joosten, Kathryn",0,0,0,0,0,0,0,0,1
"Lawson, Bianca",0,0,0,0,0,0,0,0,1
"Prunty, Suzanne",0,1,0,0,0,0,0,0,0
"Satine, Elena",1,0,0,0,0,0,0,0,0
"Adams, Christine (I)",1,0,0,0,0,0,0,0,0
"Tom, Steve (I)",0,0,0,0,0,0,1,0,0
"Whittle, Natalie",0,0,1,0,0,0,0,0,0
"McIntyre Britt, Amy",0,0,1,0,0,0,0,0,0
"Loayza, Alan (I)",0,0,0,0,0,0,0,0,1
"Heideman, Christine",0,1,0,0,0,0,0,0,0
"Bateman, Arthur",0,0,1,0,0,0,0,0,0
"Mitchell, Luke (I)",1,0,0,0,0,0,0,0,0
"Smith, Kavan",0,0,0,0,0,0,0,0,1
"Varone, Vinnie",0,0,0,0,1,0,0,0,0
"Diamond, Reed (I)",1,0,1,0,1,0,0,0,0
"Connell, Kelly (I)",0,0,0,0,0,0,0,0,1
"Nichols, Austin (I)",1,0,0,0,0,0,0,0,0
"Woodburn, Danny",0,0,0,0,0,0,1,0,0
"Bagby, Larry",0,0,0,0,0,0,0,0,1
"Ahli, Nynno",0,0,0,0,0,0,1,0,0
"Reville, Andrew",0,0,0,0,0,0,0,0,1
"Jennings, Brent (I)",0,0,0,0,0,0,0,0,1
"Garrison, Grant (II)",0,0,0,0,0,0,0,0,1
"Riehle, Richard",0,1,0,0,0,0,0,0,1
"Gorski, Tamara",0,0,0,0,0,0,1,0,0
"DiRito, Brien",0,0,0,0,0,0,1,0,0
"Roberson, Andre (I)",0,0,0,0,0,0,1,0,0
"Marino, P.J.",0,0,0,0,0,0,1,0,0
"Ennis, John (I)",0,0,0,0,0,0,0,0,1
"Owen, Rena",0,0,0,0,0,0,1,0,0
Terrylene,0,0,0,0,0,0,1,0,0
"Vann, Marc",0,0,0,0,0,0,1,0,0
"Tovah, Mageina",0,0,0,0,0,0,0,0,1
"Lewis, Don (I)",0,0,0,0,0,0,0,0,1
"Scott, Lorna",0,0,0,0,0,0,0,0,1
"Craft, Suzette",0,0,0,0,0,0,1,0,0
"Wu, Becky",0,0,0,0,1,0,0,0,0
"Feuerstein, Mark (I)",0,1,0,0,0,0,0,0,0
"Kearney, John F.",0,0,0,0,0,0,0,1,1
"Kelleher, Tim (I)",0,0,0,0,1,0,0,0,0
"Braaten, Josh",0,0,0,0,0,0,0,0,1
"Durand, Chris (I)",0,0,0,0,0,0,1,0,0
"Waddington, Dale",1,0,0,0,0,0,0,0,0
"West, Kevin (I)",0,0,0,0,0,0,1,0,0
"Klyce, Alan",0,0,1,0,0,0,0,0,0
"Perry, Megahn",0,0,0,0,0,0,0,0,1
"Costello, Tracey",0,0,0,0,0,0,1,0,0
"Shull, Lancer Dean",0,0,0,0,0,0,0,1,0
"Stewart, Peg",0,0,0,0,0,0,0,0,1
"Ritter, John",0,0,0,0,0,0,0,0,1
"McPetrie, Tori",0,0,0,0,0,0,0,0,1
"Kim, Sun Jae",1,0,0,0,0,0,0,0,0
"Williams, Jesse (I)",0,0,0,1,0,0,0,0,0
"Mullins, Matt (I)",1,0,0,0,0,0,0,0,0
"Riedy, Matt",0,0,0,0,1,0,0,0,0
"Renaday, Peter",0,0,0,0,0,0,1,0,0
"Terranova, Diana",0,0,0,0,0,0,1,0,0
"Olmos, Edward James",1,0,0,0,0,0,0,0,0
"Huebel, Rob",1,0,0,0,0,0,0,0,0
"Griffiths, Marcus",0,0,1,0,0,0,0,0,0
"Mattey, David",0,0,0,0,0,0,1,0,0
"Wells, David (I)",0,0,0,0,0,0,0,0,1
"Villalobos, Catherine Petra",0,0,0,0,0,0,0,0,1
"Roe, Scott C.",0,0,0,0,1,0,0,0,0
"Katsuura, Miku",0,0,0,1,0,0,0,0,0
"Cho, Jane (I)",0,0,0,0,0,0,0,0,1
"Ramirez, Dania",0,0,0,0,0,0,0,0,1
"Dixon, Ben Turner",1,0,0,0,0,0,0,0,0
"Day, Sujata",0,0,0,0,0,0,0,0,1
"Stetler, Paul Morgan",0,0,0,0,0,0,0,0,1
"Mantell, Michael",0,0,0,0,0,0,1,0,0
"Gill, Jack (II)",0,0,0,0,0,0,1,0,0
"Juuso, Jeremy",0,0,0,0,1,0,0,0,0
"Rosen, Lisa (VIII)",0,0,1,0,0,0,0,0,0
"Stahl-David, Michael",0,1,0,0,0,0,0,0,0
"Svensson, Christian (I)",0,0,0,0,0,0,1,0,0
"Wrighster, Ajani",1,0,0,0,0,0,0,0,0
"Ferreira, Matthew (I)",0,0,0,0,0,0,0,1,0
"Gellar, Sarah Michelle",0,0,0,0,0,0,1,0,1
"McGrillis, Lisa",0,0,1,0,0,0,0,0,0
"Ali Rajah, Dalila",0,0,0,0,0,0,1,0,0
"Rankin, Steve (I)",0,0,0,0,0,0,0,0,1
"Hugo, Hector",1,0,0,0,0,0,0,0,0
"Spizzirri, Angelo",0,0,0,0,0,0,0,0,1
"Titus-Lam, Ricky",0,0,1,0,0,0,0,0,0
"Winston, Matt (I)",0,0,0,0,1,0,0,0,0
"Boewe, Christian",0,0,0,0,0,0,1,0,0
"Petty, Bart",0,0,0,0,0,0,1,0,0
"Howey, Steve",0,1,0,0,0,0,0,0,0
"Hutchman, Rich",0,0,0,0,0,0,1,0,0
"McGregor, Katherine Ann",0,0,0,0,0,0,1,0,0
"Massey, Drew",0,0,0,0,0,0,1,0,0
"Polis, Joel",1,0,0,0,0,0,1,0,0
"Totty, Mark",0,0,0,0,1,0,0,0,0
"Edgell, Thor",0,0,0,0,0,0,1,0,0
"Hutzler, Brody",0,0,0,0,0,0,1,0,0
"Lapira, Liza",0,0,0,0,1,0,0,0,0
"Straube, Gloria Koehn",0,0,0,0,0,0,0,0,1
"Lanfear, Lance W.",0,0,0,0,0,1,0,0,0
"Foy, Darren",0,0,0,0,0,0,1,0,0
"Witwer, Sam",0,0,0,0,0,0,1,0,0
"Keating, Dominic",0,0,0,0,0,0,0,0,1
"Maleeva, Irina",0,0,0,0,0,0,1,0,0
"Scriba, Mik",0,0,0,0,0,0,1,0,0
"Jaine, Nick",0,0,0,0,0,0,1,0,0
"Lindhome, Riki",0,0,1,0,0,0,0,0,1
"Solodov, Aleksey",1,0,0,0,0,0,0,0,0
"Diaz-Perez, Anthony",0,0,0,0,0,0,1,0,0
"Muller, Bru",0,0,0,0,0,0,0,0,1
"Horne, Anastasia",0,0,0,0,0,0,0,0,1
"Kennedy, Beth (II)",1,0,0,0,0,0,0,0,0
"Lu, Karen (II)",0,0,0,0,0,0,1,0,0
"Lopes, Giovanni",0,0,0,0,1,0,0,0,0
"Epperson, Van",0,0,0,0,0,0,1,0,0
"MacKechnie, Keith",0,0,0,0,0,0,0,0,1
"Thawley, Tod",0,0,0,0,0,0,0,0,1
"Dudley, Lucas",0,0,0,0,0,0,1,0,0
"Kowalsky, Jonathan",0,0,0,0,1,0,0,0,0
"Champagne, Matt",0,0,0,0,0,0,1,0,0
"Deal, Kelley",0,0,0,0,0,0,0,0,1
"Cray, Ed (I)",0,0,0,0,0,0,1,0,0
"Vogt, William",0,0,0,0,0,0,0,0,1
"Forrest, Robert (V)",0,0,0,0,0,0,1,0,0
"Roa, Jennifer",0,0,0,0,0,0,1,0,0
"Moreland, Judith",0,0,0,0,1,0,0,0,0
"Chugani, Roma",0,0,0,0,0,0,0,1,0
"Russell, Cheri Rae",0,0,0,0,0,0,1,0,0
"Hollander, Shannon",1,0,0,0,0,0,0,0,0
"Littlefield, Sam",0,0,0,0,0,0,1,0,0
"Jozefson, Jack",0,0,0,0,0,0,0,0,1
"Tiffany, Don",0,0,0,0,0,0,1,0,0
"Davies, Bronwen",0,0,0,0,0,0,1,0,0
"Pratsch, Craig",0,0,1,0,0,0,0,0,0
"Stone, Tracey",0,0,0,0,0,0,1,0,0
"Bell, Wilson",0,0,0,0,0,0,1,0,0
"Starke, Anthony",0,0,0,0,0,0,1,0,0
"Devereaux, Rico",1,0,0,0,0,0,0,0,0
"Sattler, Bob",0,0,0,0,0,0,1,0,0
"Zimmerman, Craig (II)",0,0,0,0,0,0,0,0,1
"Young, Robert (I)",0,0,0,0,0,0,0,0,1
"Battle, Hinton",0,0,0,0,0,0,0,0,1
"Hood, Matthew (V)",0,0,1,0,0,0,0,0,0
"North, Matt (I)",0,0,0,0,0,0,1,0,0
"Melendez, Ron",0,0,0,0,0,0,1,0,0
"Henson, Micah",0,0,0,0,0,0,1,0,0
"Richards, J. August",1,0,0,0,0,0,1,0,0
"Dempsey, Michael (I)",0,0,0,0,0,0,1,0,0
"Reivers, David",0,0,0,0,0,0,0,0,1
"Heinze, Steve",0,0,0,0,0,0,0,0,1
"Tupen, Trenton",0,0,0,0,0,0,1,0,0
"Daniels, Chris (I)",0,0,0,0,0,0,0,0,1
"Sanchez, Marco (I)",0,0,0,0,1,0,0,0,0
"Varela, Leonor (I)",1,0,0,0,0,0,0,0,0
"Rivera Marchand, Carlos",1,0,0,0,0,0,0,0,0
"Meoli, Christian J.",0,0,0,0,1,0,0,0,0
"Gavankar, Janina",0,0,0,0,1,0,0,0,0
"Buck, Alex",0,0,0,0,0,0,1,0,0
"Murray, Mick (I)",0,0,0,0,0,0,1,0,0
"Washabaugh, Aliza",0,0,0,0,0,0,1,0,0
"Barretto, Patrizia",0,0,0,0,1,0,0,0,0
"Waites, Thomas G.",0,0,0,0,0,0,0,0,1
"Chi, Serena Akane",0,0,0,1,0,0,0,0,0
"Bennet, Chloe",1,0,0,0,0,0,0,0,0
"Blaisdell, Brad",0,0,0,0,0,0,1,0,0
"Thompson, Randy (I)",0,0,0,0,0,0,0,0,1
"Castor, Heath",0,0,0,0,0,0,1,0,1
"Benjamin, Paul (I)",0,0,0,0,0,0,1,0,0
"Hayes, Paul (I)",0,0,0,0,0,0,0,0,1
"Moore, Toby Leonard",0,0,0,0,1,0,0,0,0
"Carver, Adam (II)",0,0,1,0,0,0,0,0,0
"Grant, Dalton (I)",0,0,0,0,1,0,0,0,0
"Pace, Dominic",0,0,0,0,0,0,1,0,0
"Linder, Becka",0,0,0,0,0,0,1,0,0
"Krull, Suzanne",0,0,0,0,0,0,0,0,1
"Ing, Alvin",1,0,0,0,0,0,0,0,0
"Whittaker, Lee",0,0,0,0,0,0,1,0,0
"Holmberg, Sven (II)",0,0,0,0,0,0,1,0,0
"Phillips, Matt (I)",0,0,0,1,0,0,0,0,0
"Grief, Mike",0,0,0,0,0,0,0,0,1
"Harris, Steve (I)",0,1,0,0,0,0,0,0,0
"Manners, Kelly A.",0,0,0,0,0,0,1,0,0
"Rao, Sai",1,0,0,0,0,0,0,0,0
"Barton, Dorie (I)",0,0,0,0,0,0,1,0,0
"Parks, James (I)",0,0,0,0,0,0,0,0,1
"Anderson, Matthew R.",0,0,0,0,0,0,0,0,1
"Armenante, Jillian",0,0,0,0,1,0,0,0,0
"Lucio, Shannon",1,0,0,0,0,0,0,0,0
"Ducote, Andrew (I)",0,0,0,0,0,0,0,0,1
"Breeding, Josh (I)",1,0,0,0,0,0,0,0,0
"Fair, Mel",0,0,0,0,0,0,0,0,1
"Maxwell, Mickey",1,0,0,0,0,0,0,0,0
"Smith, David Lee (I)",0,0,0,0,1,0,0,0,0
"Chinlund, Nick",0,0,0,0,0,0,0,0,1
"Abelew, Alan",0,0,0,0,0,0,0,0,1
"Cain, Candice T. (I)",0,0,0,0,0,0,1,0,0
"Penikett, Tahmoh",0,0,0,0,1,0,0,0,0
"Malley, Tamar",0,0,1,0,0,0,0,0,0
"Kulbersh, Adam",1,0,0,0,0,0,0,0,0
"Behr, Jason (I)",0,0,0,0,0,0,0,0,1
"Flynn, Steven (I)",0,0,0,0,0,0,0,1,0
"Kimmel, Mike",0,0,0,0,0,0,0,0,1
"Blommaert, Susan",0,0,0,0,0,0,1,0,0
"Williams, Billy 'Sly'",0,0,0,0,1,0,0,0,0
"Capozzi, Darren",0,0,0,0,1,0,0,0,0
"Benedict, Rob",0,0,0,0,0,0,0,0,1
"Grenrock, Joshua",0,0,0,0,0,0,1,1,0
"Hofmann, Isabella",0,0,0,0,0,0,0,1,0
"Hentschel, Falk",1,0,0,0,0,0,0,0,0
"Campbell, Anna (I)",1,0,0,0,0,0,0,0,0
"Reece, Kavan",0,0,0,0,0,0,0,0,1
"Aarn, Kimberleigh",0,0,0,0,0,0,1,0,0
"Benedict, Marina",0,0,0,0,0,0,1,0,0
"Bryniarski, Andrew",0,0,0,0,0,0,0,1,0
"Sutherland, Amy (II)",1,0,0,0,0,0,0,0,0
"de Matteo, Drea",1,0,0,0,0,0,0,0,0
"Seagroves, Hunter",1,0,0,0,0,0,0,0,0
"Marsala, Melissa",0,0,0,0,0,0,1,0,0
"Radio, Strange",0,0,0,0,0,0,0,0,1
"Kash, Daniel (II)",0,0,0,0,1,0,0,0,0
"Delocht, Tony",0,0,0,0,0,0,0,0,1
"Deal, Kim",0,0,0,0,0,0,0,0,1
"Escudier, Bill",0,0,0,0,0,0,1,0,0
"Brasington, Suzanne",0,0,0,0,0,0,1,0,0
"Gillum, Patricia",0,0,0,0,0,0,1,0,0
"Hatori, Miho",0,0,0,0,0,0,0,0,1
"Talancón, Ana Claudia",0,0,0,0,1,0,0,0,0
"Romanov, Stephanie",0,0,0,0,0,0,1,0,0
"Roberts, Leonard",0,0,0,0,0,0,0,0,1
"Martinez, Benito (I)",0,0,0,0,0,0,0,1,0
"Ade, Dayo",1,0,0,0,0,0,0,0,0
"Hampton, Elin",0,0,1,0,0,0,0,0,0
"Field, Rebecca (I)",0,0,0,0,1,0,0,0,0
"Carlson, Krissy",0,0,0,0,0,0,0,0,1
"Wandell, Joe",0,0,0,0,1,0,0,0,0
"Garcia, Ted (I)",0,0,0,0,1,0,0,0,0
"McShane, Jamie",0,0,0,0,0,0,1,1,0
"Garza, Lydia Blanco",0,0,0,0,1,0,0,0,0
"Siam, Maz",1,0,0,0,0,0,0,0,0
"Wignall, Judita",0,0,0,0,0,0,0,0,1
"Inhaddou, Tarik",0,0,1,0,0,0,0,0,0
"Fox, Rodrick",0,0,0,0,0,0,1,0,0
"Lawrence, Steven Anthony",0,0,0,0,0,0,0,0,1
"Basile, Joe (I)",0,0,0,0,0,0,1,0,0
"Eng, Elsi",1,0,1,0,0,0,0,0,0
"Mangassarian, Vachik",1,0,0,0,0,0,0,0,0
"Forest, John (I)",1,0,0,0,0,0,0,0,0
"Shon, Jennifer",0,0,0,0,0,0,0,0,1
"Cruz, Melanie",1,0,0,0,0,0,0,0,0
"Haddon, Mimi",0,0,1,0,0,0,0,0,0
"Kataoka, Koji (I)",0,0,0,0,0,0,1,0,0
"Bell, Emma (I)",0,0,0,0,1,0,0,0,0
"Elbitar, Eyad",1,0,0,0,0,0,0,0,0
"Ashe, Robert James",0,0,0,0,0,0,1,0,0
"Brown, Dwier",0,0,0,0,0,0,0,1,0
"Turner, Aiden (I)",1,0,0,0,0,0,0,0,0
"Rickaby, Brett",0,0,0,0,0,0,1,0,0
"Walters, Terry (I)",0,0,0,0,0,0,0,0,1
"McCallum, Nick (I)",0,0,0,0,0,0,1,0,0
"Frasca, Jason",0,0,0,0,0,0,1,0,0
"Wilkinson, Adrienne",0,0,0,0,0,0,1,0,0
"Kain, Khalil",0,0,0,0,0,0,1,0,0
"Mann, Aimee",0,0,0,0,0,0,0,0,1
"Bibb, Sarah (I)",0,0,0,0,0,0,0,0,1
"Gall, Andrea (I)",0,0,0,0,0,0,0,0,1
"Carter, Jade",0,0,0,0,0,0,0,0,1
"Conlon, Tim",0,0,0,0,1,0,0,0,0
"Solomon, David (XXII)",0,0,1,0,0,0,0,0,0
"Chhibber, Vinny (I)",0,0,0,0,1,0,0,0,0
"Phelan, Mark (III)",0,0,0,0,0,0,0,0,1
"O'Brien, Joseph (III)",0,0,0,0,1,0,0,0,0
"Magwili, Dom",0,0,0,0,0,0,0,0,1
"Brooks, Fleming",0,0,0,0,0,0,0,0,1
"Doran, Justin (I)",0,0,0,0,0,0,0,0,1
"Espiro, Carolina",1,0,0,0,0,0,0,0,0
"Kimball, Donna",0,0,0,0,0,0,1,0,0
"Fein, Kara",0,0,1,0,0,0,0,0,0
"Robbins, Blake",0,0,0,0,0,0,0,1,0
"Hathaway, Amy (I)",0,0,0,0,0,0,0,0,1
"Source, Kimberly",0,0,1,0,0,0,0,0,0
"Pendergrass, Torry (II)",0,0,0,0,0,0,0,0,1
"Gonzalez, Rick (I)",0,0,0,0,0,0,0,0,1
"Castro, Angelica",0,0,0,0,0,0,1,0,0
"Knauer, Andrew",0,0,1,0,0,0,0,0,0
"Gibney, Mitch",0,0,0,0,0,0,1,0,0
"Bruno, Dylan",1,0,0,0,0,0,0,0,0
"Birney, Reed",0,1,0,0,0,0,0,0,0
"Branch, Michelle (I)",0,0,0,0,0,0,0,0,1
"Campbell, J. Kenneth",0,0,0,0,0,0,1,0,0
"Kazann, Zitto",0,0,0,0,0,0,1,0,1
"Ali, Asif (IV)",1,0,0,0,0,0,0,0,0
"McGee, Jack (I)",0,0,0,0,0,0,0,0,1
"Kropinski, Kasha",0,0,0,0,0,0,1,0,0
"Scarry, Rick",0,0,0,0,0,0,0,0,1
"Taylor, Casey (I)",0,0,1,0,0,0,0,0,0
"Raman, Anil",0,0,0,0,0,0,0,0,1
"Flanders, Chris (I)",0,0,0,0,0,0,1,0,0
"Charles, Martin (II)",0,0,1,0,0,0,0,0,0
"Wordie, Ed",0,0,0,0,1,0,0,0,0
"Wolfe, Chris (I)",1,0,0,0,0,0,0,0,0
"Hamm, Scott",0,0,0,0,0,0,0,0,1
"McCarthy, Roderick",0,0,0,0,0,0,0,1,0
"Weeden, April",0,0,0,0,0,0,0,0,1
"Rusler, Morgan",0,0,0,0,0,0,0,1,0
"Solodkin, Stacy",0,0,0,0,0,0,1,0,0
"Coltan, Seth",0,0,0,0,0,0,0,0,1
"Werner, Rich (I)",0,0,0,0,0,0,0,0,1
"Duncan, Greg (V)",1,0,0,0,0,0,0,0,0
"Plotnick, Jack",0,0,0,0,0,0,0,0,1
"Callahan, Matt (II)",0,1,0,0,0,0,0,0,0
"Dryborough, Brad",0,0,0,1,0,0,0,0,0
"Black, Heather (I)",0,0,0,0,0,0,0,1,0
"Leake, Damien",0,0,0,0,1,0,0,0,0
"Franco, Julian (I)",0,0,0,0,0,0,0,0,1
"Glazer, Jeremy",0,0,0,0,0,0,1,0,0
"Tuchman, David (I)",0,0,0,0,0,0,0,0,1
"Solan, Sean",0,0,0,0,1,0,0,0,0
"Rocha, Kali",0,0,0,0,0,0,0,0,1
"Hinkley, Tommy",0,0,0,0,0,0,1,0,0
"Guskin, Jeremy",0,0,0,0,0,0,1,0,0
"Hilton, Naiby",0,0,1,0,0,0,0,0,0
"Hood, Adrian (I)",0,0,1,0,0,0,0,0,0
"Adside, Barbara C.",0,0,0,0,0,0,0,0,1
"Cooke, Josh (I)",0,0,0,0,1,0,0,0,0
"Heyman, Joel",0,0,0,0,0,0,1,0,0
Ginger (XIV),0,0,0,0,0,0,0,0,1
"Tadena, JB",1,0,0,0,0,0,0,0,0
"Gjokaj, Demir",0,0,0,0,1,0,0,0,0
"Howard, Jeremy (I)",0,0,0,0,0,0,0,0,1
"Ableson, Andrew",0,0,0,0,0,0,1,0,0
"Sircar, Althea",0,0,1,0,0,0,0,0,0
"Lenehan, Nancy",0,0,0,0,0,0,0,0,1
"Brow, Ranjani",0,0,0,0,0,0,0,0,1
"Machado, Justina",0,0,0,0,0,0,1,0,0
"Woodward, Jonathan M.",0,0,0,0,0,0,1,1,1
"Michaels, Norma",0,0,0,0,0,0,1,0,1
"Hiott, Joey",0,0,0,0,0,0,0,0,1
"Trope, Alison",0,0,1,0,0,0,0,0,0
"Stewart, Joseph Benjamin",0,0,0,0,0,0,0,0,1
"Sealy, Denice",0,0,0,0,1,0,0,0,1
"Lindsey, John Joseph",0,1,0,0,0,0,0,0,0
"Spencer, Octavia",0,0,0,0,1,0,0,0,0
"Andrews, Leslie (III)",0,0,0,0,1,0,0,0,0
"Luna, Abraham",1,0,0,0,0,0,0,0,0
"Valenta, Toni",0,0,0,0,0,0,0,0,1
"Erickson, Ethan",0,0,0,0,0,0,0,0,1
"Ricketts, Jeff",0,0,0,0,0,0,1,1,1
"Cummins, Gregory Scott",0,0,0,0,0,0,0,0,1
"Dowse, Denise",0,0,0,0,0,0,0,0,1
"Jones, Walter (I)",0,0,0,0,0,0,0,0,1
"Chamberlain, Chris (IV)",0,0,0,0,1,0,0,0,0
"DuVall, Clea",0,0,0,0,0,0,0,0,1
"Sharpe, Damon",0,0,0,0,0,0,0,0,1
"Weeks, Heather (I)",0,0,0,0,0,0,1,0,0
"Kiesche, Tom",0,0,0,0,0,0,1,0,1
"Sutherland, Kristine",0,0,0,0,0,0,0,0,1
"Kopache, Thomas",0,0,0,0,0,0,1,0,0
"McElhaney, Brian",0,0,1,0,0,0,0,0,0
"Miller, J. Robin",0,0,0,0,0,0,0,0,1
"Sutherland, Taylor",0,0,0,0,0,0,0,0,1
"Fry, Kevin (I)",0,0,0,0,0,0,1,0,0
"Schilling, Jenev",0,0,1,0,0,0,0,0,0
"Edwards, Jenna (I)",0,0,0,0,0,0,0,0,1
"Kayne, Josh",0,0,0,0,0,0,1,0,0
"Blaney, Tim",0,0,0,0,0,0,1,0,0
"Williams, Zachary (I)",0,0,0,0,1,0,0,0,0
"Bass, Jeff (IV)",0,0,0,0,0,0,1,0,0
"Rapstine, Randall",0,0,0,0,0,0,1,0,0
"Speiser, Scott",1,0,0,0,0,0,0,0,0
"Kendall, Katherine (I)",0,0,0,0,0,0,0,1,0
"Tupen, Connor",0,0,0,0,0,0,1,0,0
"Johnson, Denise (I)",0,0,0,0,0,0,0,0,1
"Meridy, Alex",1,0,0,0,0,0,0,0,0
"Maropis, Adoni",0,0,0,0,0,0,1,0,0
"Di Angelo, Jasmine",0,0,0,0,0,0,1,0,0
"Hunt, Brad (I)",0,0,0,0,1,0,0,0,0
"Philip, Michael (I)",0,0,0,0,0,0,1,0,0
"Graziano, Natalie",0,0,0,0,1,0,0,0,0
"Austin, Seth (II)",1,0,0,0,0,0,0,0,0
"Simmons, Henry (I)",1,0,0,0,0,0,0,0,0
"Jackson, Samuel L.",1,0,0,0,0,0,0,0,0
"Tahash, Brian",0,0,0,0,0,0,1,0,0
"Kemper, Tom",0,0,1,0,0,0,0,0,0
"Bateman, Chloe",0,0,1,0,0,0,0,0,0
"Hudson, Zach (I)",0,0,0,0,0,0,0,0,1
"Umstead, Stefan",0,0,0,0,0,0,0,0,1
"Hall, Cynthia Rose",1,0,0,0,0,0,0,0,0
"Butler, Dean (I)",0,0,0,0,0,0,0,0,1
"Davis, Tim (XLV)",0,0,1,0,0,0,0,0,0
"Bentt, Michael",0,0,0,0,0,0,0,1,0
"Gilmore, Patrick (II)",0,0,0,1,0,0,0,0,0
"Patel, Lina",0,0,0,0,0,0,0,1,0
"Höy, Amelia",0,0,0,0,1,0,0,0,0
"Talai, Amir",1,0,0,0,0,0,0,0,0
"Wilcher, Mary (I)",0,0,0,0,0,0,0,0,1
"Green, Johnny (V)",0,0,0,0,0,0,0,0,1
Lalaine (I),0,0,0,0,0,0,0,0,1
"White, Brian (XXXIV)",0,0,0,1,0,0,0,0,0
"Williamson, Rick (I)",0,0,0,0,0,0,0,1,0
"Chinyamurindi, Michael",0,0,0,0,0,0,1,0,0
"Guillet-Chapuis, Elsa",0,0,1,0,0,0,0,0,0
"McClung, Shannon",1,0,0,0,0,0,0,0,0
"Dushku, Eliza",0,0,0,0,1,0,1,0,1
"Boltin, Rob",0,0,0,0,0,0,1,0,1
"Mason, Henry",0,0,1,0,0,0,0,0,0
"Kagen, David (I)",0,0,0,0,0,0,1,0,0
"Moriarty, Lon",0,0,0,0,0,0,1,1,0
"Zovatto, Daniel",1,0,0,0,0,0,0,0,0
"Itzin, Gregory",0,0,0,0,0,0,0,1,0
"Emanuel, Michael",0,0,0,0,0,0,0,0,1
"Keiffer, Dennis",1,0,0,0,0,0,0,0,0
"Acres, Ava",1,0,0,0,0,0,0,0,0
"Haydn-Jones, David",0,0,0,0,0,0,0,0,1
"Fulton, Julie (I)",0,0,0,0,0,0,0,0,1
"Kranz, Fran",0,0,1,1,1,0,0,0,0
"Quigley, Kevin (I)",0,0,0,0,0,0,1,0,0
"Sheridan, Danica",0,0,0,0,0,0,1,0,0
"Buck, Pamela (II)",0,0,0,0,0,0,1,0,1
"Baker, Robert (II)",1,0,0,0,0,0,0,0,0
"James, Matthew (XIX)",0,0,0,0,0,0,1,0,0
"Blake, Clement",0,0,0,0,0,0,0,1,0
"Garrett, Jeremy (I)",0,0,0,0,0,0,0,0,1
"Marinelli, Joe",1,0,0,0,0,0,0,0,0
"Hill, Sabrina (I)",0,0,1,0,0,0,0,0,0
"Pasqualini, Tony",0,0,0,0,0,0,1,0,0
"Koura, Gabriel",1,0,0,0,0,0,0,0,0
"Rinker, Scott",0,0,0,0,0,0,0,0,1
"Horn, Michelle",0,0,0,0,0,0,1,0,0
"Nygro, Paul",0,0,0,0,0,0,0,0,1
"Yuan, Roger",0,0,0,0,0,0,1,0,0
"Kaminsky, Mike (II)",0,0,1,0,0,0,0,0,0
"Wylde, Zakk (I)",0,0,0,0,0,0,1,0,0
"Sirmons, Melanie",0,0,0,0,0,0,0,0,1
"Gervitz, Nina",0,0,0,0,0,0,0,0,1
"Kontarovsky, Diego",0,0,1,0,0,0,0,0,0
"Klein, Iris (IV)",0,0,0,0,0,0,1,0,0
"Shic, Noor",0,0,0,0,0,0,0,0,1
"Russell, Sean (II)",0,0,1,0,0,0,0,0,0
"Shilton, Justin",0,0,0,0,0,0,1,0,1
"Malkasian, Melik",0,0,0,0,0,0,0,0,1
"Goldman, Rachel (I)",0,0,1,0,0,0,0,0,0
"Barach, Shane (II)",0,0,0,0,0,0,0,0,1
"Benrubi, Abraham",0,0,0,0,0,0,0,0,1
"Kuhn, Daniella",0,0,0,0,0,0,1,0,0
"Younger, Michael (I)",0,0,0,0,0,0,0,0,1
"Webster, Paul (III)",0,0,0,0,0,0,1,0,0
"Dunnells, Adam",1,0,0,0,0,0,0,0,0
"Weiner, Adam (I)",0,0,0,0,0,0,1,0,1
"Chester, Jennie",0,0,0,0,0,0,0,0,1
"Joelyn, Marie",0,0,0,0,1,0,0,0,0
"Eversman, Nick",1,0,0,0,0,0,0,0,0
"Stein, Saul",0,0,0,0,0,0,1,0,0
"Fein, Amanda",0,0,1,0,0,0,0,0,0
"Reed, JR",0,0,0,0,0,0,0,0,1
"Gretsch, Joel",1,0,0,0,0,0,0,0,0
"Parker, Missy (II)",0,0,1,0,0,0,0,0,0
"Fadem, Josh",0,0,0,0,1,0,0,0,0
"Ramírez, David (I)",0,0,0,0,0,0,1,0,0
"Padgett, Jason (I)",0,0,0,0,0,0,1,0,0
"Apel, Kenny",0,0,0,0,0,0,0,0,1
"Diaan, David",1,0,0,0,0,0,0,0,0
"Bergeron, Kurt",0,1,0,0,0,0,0,0,0
Royal Crown Revue,0,0,0,0,0,0,0,0,1
"Sheppard, Mark (I)",0,0,0,0,1,0,0,1,0
"Barrett, James (VIII)",0,1,0,0,0,0,0,0,0
"Hogan, Michael (II)",0,0,0,0,1,0,0,0,0
"Holloway, Josh (I)",0,0,0,0,0,0,1,0,0
"Skye, Azura",0,0,0,0,0,0,0,0,1
"Herd, Richard (I)",0,0,0,0,0,0,0,0,1
"Brouwer, David (I)",0,0,0,0,0,0,1,0,0
"DeKay, Tim",1,0,0,0,0,0,0,0,0
"van der Vegt, Willem",1,0,0,0,0,0,0,0,0
"Lundeen, Taylor",0,0,0,0,0,0,1,0,0
"Marsters, James",0,0,0,0,0,0,1,0,1
"Johnson, Chane't",0,0,0,0,0,0,1,0,0
"Rose, Jaclyn",1,0,0,0,0,0,0,0,0
"Gehrman, Christopher",1,0,0,0,0,0,1,0,0
"Colloff, Anya",0,0,1,0,0,0,0,0,0
"Burnyeat, Luke",0,0,0,1,0,0,0,0,0
"Groener, Harry",0,0,0,0,0,0,0,0,1
"Isaac, Victor Z.",0,0,0,0,0,0,0,0,1
"Ellis, Timo (I)",0,0,0,0,0,0,0,0,1
"Franco, David (III)",0,0,0,0,0,0,0,0,1
"Kidd Waddell, Avery",0,0,0,0,0,0,1,0,0
"Arias, Yancey",1,0,0,0,0,0,0,0,0
"Josephs, Sarah",0,0,0,0,0,0,0,0,1
"Duff, John (I)",0,0,0,0,0,0,1,0,0
"Nordin, Michele",0,0,0,0,0,0,0,0,1
"Ramini, T.J.",1,0,0,0,0,0,0,0,0
"Barr, Steven (I)",0,0,0,0,0,0,1,0,0
"Price, Erin Leigh",0,0,0,0,0,0,0,0,1
"Castilleja, Luis",1,0,0,0,0,0,0,0,0
"Nicole, Candice (I)",0,0,0,0,0,0,0,0,1
"Manglaras, Stephanie",0,0,0,0,0,0,1,0,0
"Berdovski, Alexei",1,0,0,0,0,0,0,0,0
"Darrigo, Paul",0,0,0,0,0,0,0,0,1
"Burnett, Tj",0,0,0,0,1,0,0,0,0
"McFeeley, Daniel",0,0,0,0,0,0,0,0,1
"Doerksen, Heather",0,0,0,1,0,0,0,0,0
"Mayhew, Steven",0,0,0,0,0,0,1,0,0
"Brown, Jeffrey Nicholas",0,0,0,0,0,0,0,0,1
"Thompson, Brian (I)",0,0,0,0,0,0,0,0,1
"Wilson, Jeff (II)",0,0,0,0,0,0,0,0,1
"Gangler, David",0,0,0,0,0,0,1,0,0
"Sears, Teddy (I)",0,0,0,0,1,0,0,0,0
"Winters, Scott William",0,0,0,0,0,0,1,0,0
"Anderson, Sam (I)",0,0,0,0,0,0,1,0,0
"Lieberman, Adam (I)",0,0,0,0,0,0,0,0,1
"Combs, Gilbert B.",0,0,0,0,0,0,1,0,0
"Denman, David",0,0,0,0,0,0,1,0,0
"Levin, Joanne (IV)",0,0,1,0,0,0,0,0,0
"Tirimacco, Kira (I)",0,0,0,0,0,0,1,0,0
"Heskin, Kam",0,0,0,0,0,0,1,0,0
"Vito, Elyssa D.",0,0,0,0,0,0,0,0,1
"Kober, Jeff",0,0,0,0,0,0,0,0,1
"Carson, Deborah",0,0,0,0,0,0,1,0,0
"Wasser, Andrew",0,0,0,0,0,0,0,0,1
"Cumbus, Philip",0,0,1,0,0,0,0,0,0
"Atwell, Hayley",1,0,0,0,0,0,0,0,0
"White, Melody",0,0,0,0,0,0,0,1,0
"Calderon, Wilmer",1,0,0,0,0,0,0,0,0
"Mattocks, Kyle",1,0,0,0,0,0,0,0,0
"Newlight, Josh",0,0,1,0,0,0,0,0,0
"Doty, David",0,0,0,0,1,0,0,0,0
"Dinnean, Alice",0,0,0,0,0,0,1,0,1
"Radanovich, Zoran",0,0,0,0,1,0,0,0,0
"Brown, W. Earl",0,0,0,0,0,0,1,0,0
"Weisman, Kevin",0,0,0,0,0,0,0,0,1
"Ormandlaky, Gloria",1,0,0,0,0,0,0,0,0
"Scalco, John",0,0,0,0,0,0,0,0,1
"Hambly, Glen",0,0,0,0,0,0,1,0,0
"Klace, Scott",0,0,0,0,0,0,1,0,0
"Sims, Matt (II)",0,0,0,0,0,0,0,0,1
"McCook, Molly",1,0,0,0,0,0,0,0,0
"Lutz, Mark",0,0,0,0,0,0,1,0,0
"Andrés, Paulo",0,0,0,0,0,0,0,0,1
"Lagerfelt, Caroline",0,0,0,0,0,0,0,0,1
"Kramer, Clare",0,0,0,0,0,0,0,0,1
"Kruse, Molly",0,1,0,0,0,0,0,0,0
"Faye, Alice (I)",0,0,0,0,0,0,0,0,1
"Ferland, Jodelle",0,0,0,1,0,0,0,0,0
"Livingston, Richard (III)",0,0,0,0,0,0,1,0,0
"Long, Anna Lauren",0,0,0,0,0,0,0,0,1
"Bettens, Sarah",0,0,0,0,0,0,0,0,1
"Sizov, Vladimir (I)",1,0,0,0,0,0,0,0,0
"Gorence, Justin",0,0,0,0,0,0,0,0,1
"Coman-Hidy, Anna",0,0,0,0,0,0,0,0,1
"Irwin, Tom (II)",0,0,0,0,0,0,1,0,0
"Duff, Jamal",1,0,0,0,0,0,0,0,0
"Smith, Lyndon (I)",0,0,0,0,0,0,0,0,1
"Del Arco, Jonathan",0,0,0,0,1,0,0,0,0
"Cleveland, Patience",0,0,0,0,0,0,1,0,0
"Guzman, Jack",1,0,0,0,0,0,0,0,0
"Ghilardi, David",0,0,0,0,0,0,0,0,1
"Lachman, Dichen",1,0,0,0,1,0,0,0,0
"Roggé, Ron (I)",0,0,0,0,0,0,0,0,1
"Berry, Mark (I)",1,0,0,0,0,0,0,0,0
"Danner, Mike (II)",0,0,1,0,0,0,0,0,0
"Sonray, Ingrid",0,0,0,0,0,0,1,0,0
"Johnstone, Joel",1,0,0,0,0,0,0,0,0
"Amato, Bruno",1,0,0,0,0,0,0,0,0
"Whedon, Joss",0,0,0,0,0,0,1,1,1
"Taylor, Cloie Wyatt",0,0,0,0,1,0,0,0,0
"Avital, Natalie",0,0,0,0,1,0,0,0,0
"Marks, Stefan",0,0,0,0,0,0,0,0,1
"Ly, Doan",0,0,0,0,0,0,0,1,0
"Norris, Graham (I)",0,0,0,0,1,0,0,0,0
"Brooke, Sarah (I)",0,0,0,0,0,0,1,0,0
"Roberge, Skylar",0,0,0,0,0,0,0,1,0
"McIntosh, Todd",0,0,0,0,0,0,0,0,1
"Burgess, Caleb",1,0,0,0,0,0,0,0,0
"Belton, Patrick",0,0,0,0,0,0,0,0,1
"Gracia, Tony",0,0,0,0,0,0,1,0,0
"Messner, Johnny",0,0,0,0,0,0,1,0,0
"Blood, Nick",1,0,0,0,0,0,0,0,0
"Scherr, MaryBeth",0,0,0,0,0,0,0,0,1
"Riojas, Juan A.",0,0,0,0,0,0,1,0,0
"Thomas, Meagan",0,0,0,0,0,0,1,0,0
"Cristaldi, Kevin",0,0,0,0,0,0,0,0,1
"Stauber, Liz",0,1,0,0,0,0,0,0,0
"Steiner, Rob (I)",0,0,0,0,0,0,1,0,0
"Pescovitz, Robert",0,0,0,0,0,0,1,0,0
"Shanahan, Nell",0,0,0,0,0,0,0,0,1
"Miller, Mike (LXXXIX)",1,0,0,0,0,0,0,0,0
"Bacall, Michael",0,0,0,0,0,0,0,0,1
"Kulich, Vladimir",0,0,0,0,0,0,1,0,0
"Lee, Jonny (I)",0,0,0,0,1,0,0,0,0
"Sigall, Eve",0,0,0,0,0,0,1,0,0
"McGill, Michael Patrick",0,0,0,0,0,0,1,0,0
"Carter, Jason (I)",0,0,0,0,0,0,1,0,0
"Reed Payton, Stacy",0,0,0,0,0,0,1,0,0
"Worrall, Dawn",0,0,0,0,0,0,0,0,1
"McNab, Mercedes",0,0,0,0,0,0,1,0,1
"Green, Mary-Pat",0,0,0,0,0,0,0,0,1
"Vara, Domingo",0,0,0,0,0,0,0,1,0
"Bakke, Brenda",0,0,0,0,1,0,0,0,0
"King, Sharon Diane",0,1,0,0,0,0,0,0,0
"Wersching, Annie",0,0,0,0,0,0,1,0,0
"Corletto, Megan",0,0,0,0,0,0,1,0,0
"Scott, Jerome Elston",0,0,0,0,0,0,0,0,1
"Vint, Megan",0,0,0,0,0,0,0,0,1
"Covarrubias, Robert",0,0,0,0,0,0,0,0,1
"Williams-Crosby, Spice",0,0,0,0,0,0,1,0,1
"Dattilo, Kristin",0,0,0,0,0,0,1,0,0
"Hanna, Jim (I)",0,0,0,0,0,0,1,0,0
"Ridgeley, Renee",0,0,0,0,0,0,1,0,0
"Conley, Jack (I)",0,0,0,0,0,0,1,0,1
"Bolt, Jackson",0,0,0,0,0,0,1,0,1
"Lennon, Sean (I)",0,0,0,0,0,0,0,0,1
"De Murguia, Bayardo",1,0,0,0,0,0,0,0,0
"Becker, Scott (III)",0,0,0,0,0,0,0,0,1
"Richardson, Kristin (I)",0,0,0,0,0,0,1,0,0
"Anderson, Joren (I)",0,0,1,0,0,0,0,0,0
"DiPalma, Andrew",0,0,0,0,1,0,0,0,0
"Williams, Sulo",0,0,0,0,0,0,0,0,1
"Barcott, Allison",0,0,0,0,0,0,1,0,0
"Cutaran, Samantha",1,0,0,0,0,0,0,0,0
"Williams, Cress",0,1,0,0,0,0,0,0,0
"McCraine, Michael",0,0,0,0,0,0,0,0,1
"Wilmshurst, Amanda",0,0,0,0,0,0,0,0,1
"McManus, Steve (I)",0,0,0,0,0,0,0,0,1
"Kerr, Dagney",0,0,0,0,0,0,0,0,1
"Frederick, Nelson (I)",0,0,0,0,0,0,0,0,1
"Abercrombie, Ian",0,0,0,0,0,0,0,0,1
"Brumbly, Charlie",0,0,0,0,0,0,0,0,1
"White, Cheryl (I)",0,0,0,0,0,0,1,0,0
"Knight, Jack (II)",0,0,0,0,0,0,0,0,1
"Conrad, David (I)",1,0,0,0,0,0,0,0,0
"Skaggs, Jimmie F.",0,0,0,0,0,0,0,0,1
"McLeod, Debbie (I)",0,0,0,0,0,0,1,0,0
"Kassianides, Simon",1,0,0,0,0,0,0,0,0
"Stacy, Jeff (III)",0,0,0,0,0,0,0,0,1
"Gallagher, David (I)",0,1,0,0,0,0,0,0,0
"Giovanni, Vincent (II)",0,0,0,0,1,0,0,0,0
"Denisof, Alexis",0,0,1,0,1,0,1,0,1
"Smith, Keilana",0,0,0,0,0,0,1,0,0
"Day, Felicia (I)",0,0,0,0,1,1,0,0,1
"Merton, Michael",0,0,0,0,0,0,0,0,1
"Kearns, Audrey",0,0,0,0,0,0,1,0,0
"Williams, Caroline (II)",0,0,1,0,0,0,0,0,0
"O'Herlihy, Cornelia Hayes",0,0,0,0,0,0,0,0,1
"Dacascos, Mark",1,0,0,0,0,0,0,0,0
"Shea, Dan (I)",0,0,0,1,0,0,0,0,0
"Tamblyn, Amber",0,0,0,0,0,0,0,0,1
"Griffin, Stephanie Denise",0,0,0,0,0,0,0,0,1
"Maher, Sean (I)",0,0,1,0,0,0,0,1,0
"Trinidad, Ernesto",0,0,0,0,0,0,0,1,0
"Davis, Wendy (I)",0,0,0,0,0,0,1,0,0
"Kestner, Boyd",1,0,0,0,0,0,0,0,0
"Fuller, Amanda",0,0,0,0,0,0,0,0,1
"Dorssom, Bonita",0,0,0,0,1,0,0,0,0
"Freeman, K. Todd",0,0,0,0,0,0,0,0,1
"Leonard, Katharine",0,0,0,0,0,0,0,0,1
"Britt, B.J.",1,0,0,0,0,0,0,0,0
"Gaynor, J.B.",0,0,0,0,0,0,0,0,1
"Leon, Antonio (II)",1,0,0,0,0,0,0,0,0
"Pilavin, Barbara",0,0,0,0,0,0,0,0,1
"Lawrence, Staci",0,0,0,0,0,0,0,0,1
"Peck, Evie",0,0,0,0,1,0,0,0,1
"Tabuchi, Jodi",0,0,0,1,0,0,0,0,0
"Blindauer, Sara",0,0,1,0,0,0,0,0,0
"Smith, Corissa Pacillsa",0,0,1,0,0,0,0,0,0
"Umberger, Andy",0,0,0,0,0,0,1,1,1
"Skipp, Beth",0,0,0,0,0,0,0,0,1
"Abbink, Marc",1,0,0,0,0,0,0,0,0
"Galvan, Phoebe",0,0,0,1,0,0,0,0,0
"Lennon, Jarrett",0,0,0,0,0,0,0,0,1
"Moss, Paige",0,0,0,0,0,0,0,0,1
"Knight, Holly",0,0,1,0,0,0,0,0,0
"Koch, Geoff (I)",0,0,0,0,0,0,1,0,0
"Polcyn, David",0,0,0,0,0,0,1,0,0
"Williams, Ronald Craig",0,0,0,0,0,0,0,1,0
"Trotta, Ed",0,0,0,0,0,0,1,0,0
"White, Persia",0,0,0,0,0,0,1,0,1
"Nellist, David",0,0,1,0,0,0,0,0,0
"Cereceres, Jacqueline",0,1,0,0,0,0,0,0,0
"Zoloth, Joan",0,0,1,0,0,0,0,0,0
"Imame, Nelly (I)",0,0,1,0,0,0,0,0,0
"Zimmer, Constance (I)",1,0,0,0,0,0,0,0,0
"Foley, Jeremy (I)",0,0,0,0,0,0,0,0,1
"Greenberg, Paul (I)",0,0,0,0,0,0,0,0,1
"Zepeda, David",0,0,0,0,0,0,0,0,1
"Sizemore, Kevin",0,0,0,0,1,0,0,0,0
"Ochman, Joe",0,0,0,0,0,0,0,0,1
"Langston, Grant (I)",0,0,0,0,0,0,1,0,0
"Meed, Geoff",0,0,0,0,0,0,0,0,1
"Harney, Michael",0,0,0,0,0,0,0,0,1
"Amezcua, Carlos",0,0,0,0,0,0,0,0,1
"Kolb, Brian (I)",0,0,0,0,0,0,0,0,1
"Clements, Kyle",1,0,0,0,0,0,0,0,0
"King, David L.",1,0,0,0,0,0,0,0,0
"Love, Darris",0,0,0,0,0,0,1,0,1
"Lacey-Kiley, Kate",0,1,0,0,0,0,0,0,0
"Day, Mikey (I)",0,0,0,0,0,0,1,0,0
"Evans, Freda Nelson",0,0,0,0,0,0,1,0,0
"Skelton, Stewart",0,0,0,0,0,0,1,0,0
"Yagher, Jeff",0,0,0,0,0,0,1,0,0
"Towne, Nick",0,0,0,0,0,1,0,0,0
"Daniels, Max",1,0,0,0,0,0,0,0,0
"Yamamoto, Alyssandra",0,0,0,1,0,0,0,0,0
"Fakhri, Parisa",1,0,0,0,0,0,0,0,0
"Hall, Tess (I)",0,0,0,0,0,0,0,0,1
"Stevens, Leslie (II)",0,0,0,0,1,0,0,0,0
"Dowe, Don",0,0,0,0,0,0,0,0,1
"Bella, Rachael",0,0,0,0,0,0,0,0,1
"Le, An (I)",0,0,0,0,0,0,1,0,0
"Howard, Andrew (I)",1,0,0,0,0,0,0,0,0
"Alosio, Ryan",0,0,0,0,1,0,0,0,0
"Johnson, Frederick Keith",0,0,0,0,1,0,0,0,0
"Lindberg, Chad",1,0,0,0,0,0,0,0,1
"Piche, Noelle",0,0,1,0,0,0,0,0,0
"Charles, Rodney",0,0,0,0,0,0,0,0,1
"Register, Kate",0,0,1,0,0,0,0,0,0
"Borchert, Walter (I)",0,0,0,0,0,0,0,0,1
"Rawat, Navi",0,0,0,0,0,0,1,0,0
"Telio, Murielle",1,0,0,0,0,0,0,0,0
"Subiono, Scott",1,0,0,0,0,0,0,0,0
"White, Alison (I)",1,0,0,0,0,0,0,0,0
"Williams, Gareth (I)",0,0,0,0,0,0,1,0,0
"Broden, Ted",0,0,0,0,0,0,1,0,0
"Hoag, Jan",0,0,0,0,0,0,0,0,1
"Duckworth, Charles",0,0,0,0,0,0,0,0,1
"Larusso, Vincent",0,0,0,0,1,0,0,0,0
"Shaw, Alan (I)",0,0,0,0,0,0,1,0,0
"Schirripa, Steve",0,0,0,0,0,0,1,0,0
"Lenmark, Kristine L.",0,0,0,0,0,0,1,0,0
"Reid, Greg Wendell",0,0,0,0,0,0,0,1,0
"Sundstrom, Carl",0,0,0,0,0,0,1,0,0
"Roe, Channon",0,0,0,0,0,0,0,0,1
"Mitchell, Phillip (I)",0,0,0,1,0,0,0,0,0
"Benson, Amber (I)",0,0,0,0,0,0,0,0,1
"Minnette, Dylan",1,0,0,0,0,0,0,0,0
"Kumar, Rishi (I)",0,0,0,0,0,0,1,0,0
"Brindis, Sylvia",1,0,0,0,0,0,0,0,0
"Wise, Ray (I)",0,0,0,0,1,0,0,0,0
"Jacobs, Samuel",0,0,0,0,0,0,0,0,1
"Pearce, Natasha",0,0,0,0,0,0,0,0,1
"Stroud, Ryan",1,0,0,0,0,0,0,0,0
"Lee, Dana (I)",0,0,0,0,0,0,1,0,0
"Jordan, Shirley (I)",0,0,0,0,0,0,1,0,0
"Holland, Magdalena",0,0,0,0,0,0,1,0,0
"Alonzo, Robert",0,0,0,0,0,0,1,0,0
"Wade, Brian Patrick",1,0,0,0,0,0,0,0,0
"Khmurov, Michael",0,0,0,0,1,0,0,0,0
"Clark, Josh (I)",1,0,0,0,0,0,0,0,0
"Guerra, Saverio",0,0,0,0,0,0,0,0,1
"Del Valle, Alysha",1,0,0,0,0,0,0,0,0
"Echikunwoke, Megalyn",0,0,0,0,0,0,0,0,1
"Bracher, Mark",0,0,1,0,0,0,0,0,0
"Hendricks, Christina",0,0,0,0,0,0,1,1,0
"Blue, Sarayu",1,0,0,0,0,0,0,0,0
"Beck, Christophe",0,0,0,0,0,0,0,0,1
"Douglas, David (II)",1,0,0,0,0,0,0,0,0
"Sheldon, Mary (I)",0,0,0,0,0,0,0,0,1
"Steck, Ira",0,0,0,0,0,0,0,1,1
"Perlich, Max",0,0,0,0,0,0,0,0,1
"Garlington, Lee",0,0,0,0,0,0,0,0,1
"Henry, Zac",1,0,0,0,0,0,0,0,0
"Madden, Carla",0,0,0,0,0,0,0,0,1
"Oruche, Phina",0,0,0,0,0,0,0,0,1
"Ballatore, Brent",0,0,1,0,0,0,0,0,0
"Nisic, David",0,0,0,0,0,0,1,0,0
"Vaughn, Jennie",0,0,0,0,0,0,1,0,0
"Rubinstein, John",0,0,0,0,0,0,1,0,0
"Claps, Louise",0,0,0,0,0,0,1,0,0
"Molale, Brandon",1,0,0,0,1,0,0,0,0
"Baxley Jr., Craig",1,0,0,0,0,0,0,0,0
"Diskin, Cameron (I)",1,0,0,0,0,0,0,0,0
"Zoli, Winter Ave",1,0,0,0,0,0,0,0,0
"Sachs, Robin",0,0,0,0,0,0,0,0,1
"Beck, Morgan (I)",0,0,0,0,1,0,0,0,0
"Lacy, Monica",1,0,0,0,0,0,0,0,0
"Best, Eve",0,0,1,0,0,0,0,0,0
"Hoffman, Susan Lee",0,0,0,0,0,0,1,0,0
"Demos, Athena",0,0,0,0,0,1,0,0,0
"Wheeler, Kelli",0,0,0,0,0,0,0,0,1
"Campos, Carlos E.",1,0,0,0,0,0,0,0,0
"Curnen, Monique Gabriela",1,0,0,0,0,0,0,0,0
"Bradley, Weston",0,0,1,0,0,0,0,0,0
"Polaha, Kristoffer",0,0,0,0,1,0,1,0,0
"Slimko, Jennifer",0,0,0,0,0,0,1,0,1
"Donohue, Kelly",0,1,0,0,0,0,0,0,0
"Cochran, Hunter",0,0,0,0,0,0,0,0,1
"Blake, Corey Michael",0,0,0,0,0,0,0,0,1
"Surovy, Nicolas",0,0,0,0,0,0,1,0,0
"MacQueen, Melanie",0,0,0,0,0,0,0,0,1
"Westmoreland, Stoney",1,0,0,0,0,0,0,0,0
"Efron, Zac",0,0,0,0,0,0,0,1,0
"Otis, Michael (I)",0,0,0,0,0,0,1,0,0
"Drake, Matt (III)",0,0,0,1,0,0,0,0,0
"Spiridellis, Adrienne",0,0,1,0,0,0,0,0,0
"Feiler, Sasha",0,0,1,0,0,0,0,0,0
"Miller, Wentworth",0,0,0,0,0,0,0,0,1
"Assad, Richard",0,0,0,0,0,0,0,0,1
"Kassam, Sufian",1,0,0,0,0,0,0,0,0
"Pryor Nagel, Eliza",0,0,0,0,0,0,1,0,0
"Thyne, T.J.",0,0,0,0,0,0,1,0,0
"Newman, Alec (III)",0,0,0,0,0,0,1,0,0
"Jackson, Lily",0,0,0,0,0,0,0,0,1
"Pancake, Sam",0,0,0,0,0,0,1,0,0
"Rambaran, Dominic",0,0,0,0,0,0,0,0,1
"Langton, Jeff",0,0,0,0,0,0,0,0,1
"Evans, Adrienne (I)",0,0,0,0,0,0,1,0,0
"Mills, Emily Maya",1,0,0,0,0,0,0,0,0
"Ingrassia, Jon",0,0,0,0,0,0,1,0,0
"Young, Nancy (I)",0,0,0,0,0,0,0,0,1
"Friedericy, Bonita",0,0,0,0,0,0,1,0,1
"Christy, Kevin",0,0,0,0,0,0,0,0,1
"Thormahlen, Erika",0,0,0,0,0,0,1,0,0
"Raymond, Amy",0,0,0,0,0,0,1,0,0
"Bushell, Matt",0,0,0,0,0,0,1,0,0
"Montalvo, Jay",1,0,0,0,0,0,0,0,0
"Washington, Darren Dupree",1,0,0,0,0,0,0,0,0
"Hillis, Rib",0,0,0,0,0,0,1,0,0
"Hunter, Paul (V)",0,0,1,0,0,0,0,0,0
"Stanchfield, Darby",0,0,0,0,0,0,1,0,0
"Farr, Shonda",0,0,0,0,0,0,0,0,1
"Shirock, Marcus",0,0,0,0,0,0,1,0,0
"Thompson, Sarah (I)",0,0,0,0,0,0,1,0,0
"Clark, Adam (I)",0,0,0,0,0,0,0,0,1
"Kingi, Henry",0,0,0,0,0,0,1,0,0
"Rogers, Trenton",1,0,0,0,0,0,0,0,0
"Clemenson, Christian",0,0,0,0,0,0,0,0,1
"Sherman, Jessie",0,0,1,0,0,0,0,0,0
"Dolin, Kenneth",0,0,0,0,0,0,1,0,0
"Fournier, Carlyne",0,1,0,0,0,0,0,0,0
"Bernard, Rukiya",0,0,0,1,0,0,0,0,0
"Kaminsky, Daniel S.",0,0,1,0,0,0,0,0,0
"Sternberg, Philip",0,0,0,0,0,0,0,1,0
"Monaghan, William",0,0,0,0,0,0,0,0,1
"Brewster, Chris (III)",1,0,0,0,0,0,0,0,0
"St. Esprit, Patrick",0,0,0,0,0,0,1,0,0
"Maclean, Lynne",0,0,0,0,0,0,1,0,0
"Verona, Michael Ross",0,0,0,0,0,0,0,0,1
"Newlight, Nina",0,0,1,0,0,0,0,0,0
"Rafalovich, Danita",0,0,1,0,0,0,0,0,0
"Guerra, Juan (I)",0,0,0,0,0,0,0,0,1
"Dorfman, Sara",0,0,1,0,0,0,0,0,0
"Vernier, Adam",0,0,0,0,0,0,1,0,0
"Dylan, Whitney",0,0,0,0,0,0,1,0,1
"Faulkner, Michael (II)",0,0,0,0,0,0,1,0,0
"Sarafyan, Angela",0,0,0,0,0,0,0,0,1
"Jones, Tank",0,0,0,0,1,0,0,0,0
"McMartin, Kathleen",0,0,0,0,0,0,1,0,0
"McElroy, Michael (I)",0,0,0,0,0,0,1,0,0
"Worthington, Wendy",0,0,0,0,0,0,0,0,1
"Richards, Larry (I)",0,0,0,0,0,0,1,0,0
"DeRelian, Steve",0,0,0,0,0,0,1,0,0
"Salem, Rabatan",0,0,0,0,0,0,0,1,0
"Törnquist, Elmer",1,0,0,0,0,0,0,0,0
"Scott, Wayne Alon",1,0,0,0,0,0,0,0,0
"Etuka, Paul Ginika",0,0,1,0,0,0,0,0,0
"Whedon, Jed",0,0,1,0,1,1,0,0,0
"Gray, Megan (I)",0,0,0,0,0,0,0,0,1
"Uhiara, Ony",0,0,1,0,0,0,0,0,0
"Grevioux, Kevin",0,0,0,0,0,0,1,0,0
"Middendorf, Tracy",0,0,0,0,0,0,1,0,0
"Orosco, Brian",1,0,0,0,0,0,0,0,0
"MacNicol, Peter",1,0,0,0,0,0,0,0,0
"Goldstein, Jonathan (I)",0,0,0,0,0,0,0,0,1
"Hanson, Michael (IV)",1,0,0,0,0,0,0,0,0
"Geiss, Louisette (I)",0,0,0,0,0,0,1,0,0
"Sexton, Brent",0,0,0,0,0,0,1,0,0
"Healy, Pat (I)",0,0,0,0,0,0,1,0,0
"Beyer, Tom (I)",0,0,0,0,0,0,1,0,0
"Vendrell, Michael M.",0,0,0,0,0,0,1,0,0
"Harte, Michael (I)",0,0,0,0,0,0,1,0,0
"Muirhead, Oliver",0,0,0,0,0,0,0,0,1
"Turk, Brian",0,0,0,0,0,0,0,0,1
"Naimi, Hani Al",1,0,0,0,0,0,0,0,0
"Towers, Robert (I)",0,0,0,0,0,0,1,0,0
"Osinski, Maximilian",1,0,0,0,0,0,0,0,0
"Langlois, Danielle",0,0,0,0,1,0,0,0,0
"Wellington, James",0,0,0,0,0,0,0,0,1
"Rosemont, Romy",0,0,1,0,0,0,0,0,0
"Terrell, Cedrick",0,0,0,0,0,0,1,0,0
"Newman, William (I)",0,0,0,0,0,0,1,0,0
"Crawford, Thomas (I)",0,0,0,0,0,0,1,0,0
"Pessis, Danielle",0,0,0,0,0,0,0,0,1
"LaMorte, Robia",0,0,0,0,0,0,1,0,1
"Sundius, Bo (II)",0,0,1,0,0,0,0,0,0
"Snow, Billy (I)",0,0,0,0,1,0,0,0,0
"Molina, Rolando (I)",0,0,0,0,0,0,0,1,0
"Moran, Sean (I)",0,0,0,0,0,0,0,0,1
"Onasch, Kim",0,0,0,0,0,0,0,1,0
"Callahan, E.J.",0,0,0,0,0,0,1,0,0
"George, Nick (IV)",0,0,0,0,1,0,0,0,0
"Long, Devan",1,0,0,0,0,0,0,0,0
"Luhr, Kate (I)",0,0,0,0,0,0,0,0,1
"Kirkland, Kelli",0,0,0,0,0,0,1,0,0
"van den Blink, Kieren",1,0,0,0,0,0,0,0,0
"Klingler, Rebecca",0,0,0,0,0,0,1,0,0
"Pipes, Leah",0,0,0,0,0,0,1,0,0
"Smyka, Natalie",1,0,0,0,0,0,0,0,0
"Baldwin, Adam (I)",0,0,0,0,0,0,1,1,0
"Guy, Joyce",0,0,0,0,0,0,0,0,1
"Mor, Ido",1,0,0,0,1,0,0,0,0
"Brawith, Garrett",0,0,0,0,0,0,0,0,1
"Wilson, Toby (II)",1,0,0,0,0,0,0,0,0
"Williams, Wade (II)",0,0,0,0,0,0,0,0,1
"Shalyganova, Olga",0,0,0,0,0,0,1,0,0
"Donshik, Adam",0,0,0,0,0,0,1,0,0
"Ruginis, Vyto",0,0,0,0,0,0,1,0,0
"Matheny, Eric (I)",0,0,0,0,0,0,0,0,1
"Smith, Sean (II)",0,0,0,0,0,0,1,0,0
"Ostrander, William",0,0,0,0,0,0,1,0,0
"Clark, Spencer Treat",1,0,1,0,0,0,0,0,0
"Vantskous, Marina",0,0,0,0,0,0,1,0,0
"Henry, Gregg",0,0,0,0,1,0,0,1,0
"Jackson, Price",0,0,0,0,0,0,0,0,1
"Felix, Kelly",0,0,0,0,0,0,0,0,1
"Tait, Marissa",0,0,0,0,0,0,1,0,0
"Winters, Time",0,0,0,0,0,0,0,0,1
"Williams, Chad (IV)",0,0,0,0,0,0,1,0,0
"Gifford, Adam",0,0,0,0,0,0,0,0,1
"Holmes, Adrian (I)",0,0,0,1,0,0,0,0,0
"Connolly, Kristen (II)",0,0,0,1,0,0,0,0,0
"Zumbrum, Harley",0,0,0,0,0,0,0,0,1
"Goins, Jesse D.",1,0,0,0,0,0,0,0,0
"Anthony, Derek (I)",0,0,0,0,0,0,1,0,1
"Morshower, Glenn",1,0,0,0,1,0,0,0,1
"Orsini, Kate",0,0,0,0,0,0,0,0,1
"Furukawa, Aya",0,0,0,1,0,0,0,0,0
"Chen, Terry (I)",0,0,0,1,0,0,0,0,0
"Nelson, Kirsten (I)",0,0,0,0,0,0,0,0,1
"Randall, Josh (I)",0,0,0,0,0,0,1,0,0
"Patil, Kavita",0,0,0,0,0,0,1,0,0
"Jemison, Kimble",0,0,0,0,0,0,1,0,0
"Amendola, Tony (I)",0,0,0,0,1,0,1,0,0
"Muller, Jeffrey",1,0,0,0,0,0,0,0,0
"Brown, Winsome",0,0,0,0,0,0,0,0,1
"Jacquin, Jeffrey",0,0,0,0,0,0,0,0,1
"Rabasa, Ruben",1,0,0,0,0,0,0,0,0
"Schaub, Marita",0,0,0,0,0,0,0,0,1
"Hiltz, Nichole",0,0,0,0,0,0,0,0,1
"Brooks, Richard (VI)",0,0,0,0,0,0,0,1,0
"Mair, Akeem",1,0,0,0,0,0,0,0,0
"Chiou, Tim",0,0,0,0,1,0,0,0,0
"Christopher, Linda (III)",0,0,0,0,0,0,0,0,1
"Braun, Tamara",0,0,0,0,0,0,0,0,1
"Gibbs, Nigel",0,0,0,0,0,0,1,0,0
"Birdsell, Lilli",0,0,0,0,0,0,1,0,0
"Miyata, Kelii",0,0,0,0,0,0,1,0,0
"Ng, Michael (III)",0,0,0,0,1,0,0,0,0
"Tilford, Terrell",1,0,0,0,0,0,0,0,0
"Porto, Lidia",1,0,0,0,0,0,0,0,0
"Gross, Brian (I)",0,0,0,0,0,0,0,0,1
"Abbott, Christie",0,0,0,0,0,0,0,0,1
"Donovan, Kelly (I)",0,0,0,0,0,0,0,0,1
"Imai, Abbey",0,0,0,1,0,0,0,0,0
"Cocacevich, Nicole",0,0,0,0,0,0,1,0,0
"McCullough, Kimberly (I)",0,0,0,0,0,0,0,1,0
"Geare, Anne",0,0,1,0,0,0,0,0,0
"Nelson, Elimu",0,0,0,0,0,0,1,0,0
"Barton, J",0,0,0,0,0,0,0,0,1
"Marino, Ken",0,0,0,0,0,0,1,0,0
"Hutton, Rif",0,0,0,0,0,0,0,0,1
"King, Michael (XII)",0,0,0,0,1,0,0,0,0
"Johnson, Harry (I)",0,0,0,0,0,0,0,0,1
"Ayers, Sam",0,0,0,0,0,0,1,0,0
"Dalton, Brett (II)",1,0,0,0,0,0,0,0,0
"Kawamura, Kotoko",0,0,0,0,0,0,1,0,0
"Kerper, Charles M.",0,0,0,0,0,0,0,0,1
"Gurdas, Vikki",0,0,0,0,0,0,1,0,0
"Sarabia, Ric",1,0,0,0,0,0,1,0,0
"Van Horn, Sara",0,0,0,0,0,0,0,0,1
"Sifuentes, Kevin",1,0,0,0,0,0,0,0,0
"Lee, Julia (III)",0,0,0,0,0,0,1,0,1
"Stewart, Ewan (I)",0,0,1,0,0,0,0,0,0
"Taylor, Lindsay (I)",0,0,0,0,0,0,0,0,1
"Cyphers, Charles",0,0,0,0,0,0,0,0,1
"Takemoto, Ken",0,0,0,0,0,0,1,0,0
"Coates, Damien",1,0,0,0,0,0,0,0,0
"Stewart, McKay",1,0,0,0,0,0,0,0,0
"Friday, Bryan",0,0,0,0,0,0,0,0,1
"Maron, Nicki",0,0,1,0,0,0,0,0,0
"McCarthy, Bart (I)",0,0,0,0,0,0,1,0,0
"Chonacas, Katie",0,0,0,0,1,0,0,0,0
"Bonowicz, Brett Ryan",0,0,1,0,0,0,0,0,0
"Susman, Todd",0,0,0,0,0,0,1,0,0
"Klein, R. Martin",0,0,0,0,0,0,1,0,0
"Fathy, Charles",1,0,0,0,0,0,0,0,0
"Carpenter, Charisma",0,0,0,0,0,0,1,0,1
"Figlioli, David",0,0,0,0,0,0,1,0,0
"Mahan, Kerrigan",0,0,0,0,0,0,1,0,0
"Vongtama, Roy",0,0,0,0,1,0,0,0,0
"Phenicie, Michael",0,0,0,0,0,0,1,0,0
"Carrasco, Carlos (I)",0,0,0,0,0,0,1,0,0
"Maffitt, Noah",0,0,1,0,0,0,0,0,0
"Lurie, James",0,0,0,0,0,0,0,0,1
"Bodden, Alonzo",0,0,0,0,0,0,1,0,0
"Sterling, Maury",0,0,0,0,1,0,1,0,0
"McCaddin, Brie",0,0,0,0,0,0,0,0,1
"Jang, Steven",0,0,0,0,0,0,0,0,1
Judita,0,0,0,0,0,0,0,0,1
"Grier, Maureen",0,0,0,0,0,0,1,0,0
"Bowen, Andrew (I)",0,0,0,0,1,0,0,0,0
"Hopkins, Jake",0,1,0,0,0,0,0,0,0
"Bright, R. Emery",0,0,0,0,0,0,1,0,0
"Pasdar, Adrian",1,0,0,0,0,0,0,0,0
"Barnes, Dwayne",0,0,0,0,0,0,1,0,0
"Pomplun, Raquel",1,0,0,0,0,0,0,0,0
"Parker, Angel (I)",0,0,0,0,0,0,1,0,0
"Kim, Chase",1,0,0,0,1,0,0,0,0
"Mascarino, Pierrino",0,0,0,0,0,0,0,0,1
"Payne, Dan (I)",0,0,0,1,0,0,0,0,0
"Sossaman, Heather",0,0,0,0,0,0,0,0,1
"Stoneburner, Roger",0,0,0,0,0,0,1,0,0
"Lawlor, J. Patrick (I)",0,0,0,0,0,0,0,0,1
"Whinnery, Barbara",0,0,0,0,0,0,0,0,1
"Kyritsi, Catherine",0,0,1,0,0,0,0,0,0
Natalie (XVII),0,0,0,0,0,0,0,0,1
"Rees, Craig",0,0,0,0,0,0,1,0,0
"Macken, Tara",1,0,0,0,0,0,0,0,0
"Cornielle, Celestin",1,0,0,0,0,0,0,0,0
"Aks, Julia",1,0,0,0,0,0,0,0,0
"Campbell-Cobb, Astrea",1,0,0,0,0,0,0,0,0
"Jean, Norma (IV)",0,0,0,0,0,1,0,0,0
"Bullock, Gary",0,0,0,0,0,0,0,0,1
"Potter, Frank",0,0,0,0,0,0,1,0,0
"Harlan, Scott (I)",0,0,0,0,0,0,0,0,1
"Wen, Alice",1,0,0,0,0,0,0,0,0
"Ventresca, Vincent",0,0,0,0,1,0,0,0,0
"Mooney, Damian",0,0,0,0,0,0,0,0,1
"Kelly, Mark (V)",0,0,0,0,0,0,1,0,0
"Sago, Tony",0,0,0,0,0,0,0,0,1
"Costello, Shawnie",0,0,0,0,0,0,0,0,1
"Williams, Malika",0,0,1,0,0,0,0,0,0
"Lange, Eric (I)",0,0,0,0,0,0,1,1,0
"Gifford, Rick",1,0,0,0,0,0,0,0,0
"Schiavelli, Vincent",0,0,0,0,0,0,0,0,1
"Shank, Kaycee",0,0,0,0,0,0,0,0,1
"Lubatti, Henri",0,0,0,0,0,0,1,0,0
"James, Christopher (III)",0,0,0,0,0,0,0,0,1
"Quinn, Julie (I)",0,0,0,0,0,0,1,0,0
"Daddio, Addie",0,0,0,0,0,0,1,0,0
"Ostrow, Ron",0,0,0,0,0,0,0,1,0
"Moreno, Damien",1,0,0,0,0,0,0,0,0
"Rumnock, Bob",0,0,0,0,0,0,1,0,0
"McCracken, Bob",0,0,0,0,0,0,0,1,0
"Tate, Rod",0,0,0,0,0,0,1,0,0
"Missick, Dorian",0,0,0,0,0,0,0,0,1
"Chen, Alice (I)",1,0,0,0,0,0,0,0,0
"Neustaedter, Alex",1,0,0,0,0,0,0,0,0
"Lee, Mushond",0,0,0,0,0,0,1,0,0
"Christopher, Tyler (I)",0,0,0,0,0,0,1,0,0
"Maddox, Billy (I)",0,0,0,0,0,0,0,0,1
"Cassidy, Michael (VIII)",0,1,0,0,0,0,0,0,0
"Morasco, Tina",0,0,0,0,0,0,1,0,0
"Pere, Danan",0,0,0,0,0,0,1,0,0
"Davis, Carole (I)",0,0,0,0,0,0,1,0,0
"Barber, Clayton J.",0,0,0,0,0,0,0,0,1
"Lawless, Lucy",1,0,0,0,0,0,0,0,0
"Walia, Paull",0,0,0,0,0,0,0,0,1
"Marcell, Joseph",0,0,1,0,0,0,0,0,0
"Waterman, Maya",0,0,0,0,1,0,0,0,0
"Gorham, Christopher (I)",0,0,0,0,0,0,0,0,1
"De Caestecker, Iain",1,0,0,0,0,0,0,0,0
"Ross, Franc",0,0,0,0,0,0,0,1,1
"Cohen, Robyn (I)",0,0,0,0,0,0,1,0,0
"Murphy, Katherine (IV)",0,0,0,0,1,0,0,0,0
"Darby, Jacob",0,0,1,0,0,0,0,0,0
"Kim, Daniel Dae",0,0,0,0,0,0,1,0,0
"Husmann, Peter",0,0,0,0,0,0,0,0,1
"Kirkland, Ajgie",0,0,0,0,0,0,1,0,0
"Filippo, Fab",0,0,0,0,0,0,0,0,1
"Gann, Chris",0,0,0,0,1,0,0,0,0
"
",1,1,1,1,1,1,1,1,1
"Daly, Neil (II)",0,0,0,0,0,0,0,0,1
"Suggs, Dawn",0,0,0,0,0,0,1,0,0
"Degen, Tess",0,1,0,0,0,0,0,0,0
"Hilario, Ramon",1,0,0,0,0,0,0,0,0
"Larson, Eric (II)",0,0,0,0,0,0,1,0,0
"Yebba, Michael",0,1,0,0,0,0,0,0,0
"Massar, Maya",0,0,0,1,0,0,0,0,0
"Hart, Angie (I)",0,0,0,0,0,0,0,1,1
"Catrini, Robert",0,0,0,0,0,0,0,0,1
"Zlabinger, Michael",0,0,0,0,0,0,0,0,1
"Capodice, John",0,0,0,0,0,0,1,0,0
"York, Jessica (II)",0,0,0,0,1,0,0,0,0
"Ferrell, Conchata",0,0,0,0,0,0,0,0,1
"Fremont, John",0,0,0,0,0,0,1,0,0
"Van Zyl, Debbie",0,0,1,0,0,0,0,0,0
"Scott II, Thom",0,0,0,0,0,0,1,0,0
"Goode, Alex (I)",1,0,0,0,0,0,0,0,0
"Tien, Kimberly",0,0,1,0,0,0,0,0,0
"Shrewsbury, Jeff",0,0,0,0,0,0,0,0,1
"Johnson, Craig (IV)",1,0,0,0,0,0,0,0,0
"Edner, Ashley",0,0,0,0,0,0,1,0,0
"Campbell, Ray (III)",0,0,0,0,0,0,1,0,0
"Renner, Jeremy",0,0,0,0,0,0,1,0,0
"Choi, Kenneth",1,0,0,0,0,0,0,0,0
"Johnson, Anthony S.",0,0,0,0,0,0,0,0,1
"Song, Janet",0,0,0,0,0,0,1,0,0
"Garcia, Drea",0,0,1,0,0,0,0,0,0
"Utay, William",0,0,0,0,0,0,1,0,0
"Stephens, Heather (I)",0,0,0,0,0,0,1,0,0
"Fecht, Heidi",0,0,0,0,0,0,1,0,0
"Jereme, Tupelo",0,0,0,0,0,0,0,0,1
"Wilson, Daniel (I)",0,0,0,0,0,0,0,0,1
"Surmelis, Angelo",0,0,0,0,0,0,1,0,0
"Tompos, Doug",0,0,0,0,0,0,1,0,0
"Ruttan, Susan",0,0,0,0,0,0,0,0,1
"Garcia, Rick (I)",0,0,0,0,0,0,0,0,1
"Tucker, Karen (I)",0,0,0,0,0,0,1,0,0
"Feinberg, Ken",0,0,0,0,0,0,0,0,1
"Fletcher, Edward (I)",0,0,0,0,0,0,0,0,1
"Bacquie, Dwight",0,0,0,0,0,0,0,0,1
"Luckinbill, Thad",0,0,0,0,0,0,0,0,1
"Baker, Max (I)",0,0,0,0,0,0,1,0,0
"Baker, Jordan (I)",0,0,0,0,0,0,0,0,1
"Mahon, Sean",0,0,0,0,0,0,1,0,0
"Clerkin, John Patrick",0,0,0,0,0,0,1,0,1
"Keeble, Anne",0,0,0,0,0,0,0,0,1
"Oel, Sadin Thomas",0,0,1,0,0,0,0,0,0
"DiGiandomenico, Joe",0,0,0,0,0,0,0,0,1
"McCormick, Larry (I)",0,0,0,0,0,0,1,0,0
"Sullivan, Gail (I)",0,1,0,0,0,0,0,0,0
"Silverberg, Marc",0,0,0,0,0,0,0,0,1
"Mattson, Brie",1,0,0,0,0,0,0,0,0
"Castillo, Enrique (I)",0,0,0,0,0,0,1,0,0
"Stryker, Bradley",0,0,0,0,0,0,1,0,0
"Poth, Brian",0,0,0,0,0,0,0,0,1
"Way, Wendy",0,0,0,0,0,0,0,0,1
"Timmons, John (I)",0,0,0,0,0,0,0,0,1
"Anderson, Timothy (II)",0,0,0,0,0,0,0,0,1
"Healy, Christine (I)",0,0,0,0,0,0,0,0,1
"Green, Alla",0,0,0,0,1,0,0,0,0
"Mana, Camille",0,0,0,0,0,0,1,0,0
"Glick, Margie",0,0,1,0,0,0,0,0,0
"Cistaro, Anthony",0,0,0,0,0,0,1,0,0
"Chin, Tsai",1,0,0,0,0,0,0,0,0
"Busch, Adam",0,0,0,0,0,0,0,0,1
"Gutrecht, Paul",0,0,0,0,0,0,0,0,1
"McGinnis, Andrew",0,0,0,0,0,0,1,0,0
"Panabaker, Kay",0,0,0,0,0,0,1,0,0
"Marcott, Braeden",0,0,0,0,0,0,1,0,0
"Garson, Willie",0,0,0,0,0,0,0,0,1
"Hughes, Derek (IV)",0,0,0,0,0,0,1,0,0
"Chan, Liberte",1,0,0,0,0,0,0,0,0
"Pierce, Denney",1,0,0,0,0,0,1,0,0
"Kretchmer, Jennifer",0,0,0,0,1,0,0,0,0
"Howard, Jean Speegle",0,0,0,0,0,0,0,0,1
"Hickey, Tamara",0,1,0,0,0,0,0,0,0
"Soo, Taira",0,0,0,0,1,0,0,0,0
"Maccarrone, Anna Maria",0,0,0,0,0,0,0,0,1
"Weaver, Daniel (I)",0,0,0,0,0,0,0,0,1
"Wilbur, Cheyenne",0,0,0,0,0,0,1,0,0
"McClain, Gina (I)",0,0,0,0,0,0,1,0,0
"Skuby, Alex",0,0,0,0,0,0,1,0,1
"Bailey, Eion",0,0,0,0,0,0,0,0,1
"Gersten, Dennis",0,0,0,0,0,0,1,0,0
"Carpenter, Robert 'Duckie'",0,0,0,0,0,0,1,0,0
"Kirchner, Jaime Lee",0,0,0,0,1,0,0,0,0
"Elonzae, Brandon (I)",0,0,1,0,0,0,0,0,0
"Lee, David S. (I)",0,0,0,0,0,0,1,0,0
"Johnes, Alexandra",0,0,0,0,0,0,0,0,1
"Spanton, Daniel",0,0,0,0,0,0,0,0,1
"McDowell, Erik",0,0,0,0,1,0,0,0,0
"Xuereb, Emmanuel",0,0,0,0,0,0,0,0,1
"Ferguson, Thomas Michael",0,0,0,0,0,0,0,0,1
"Yulin, Harris",0,0,0,0,0,0,0,0,1
"Andres, Blaize",0,0,0,0,0,0,0,0,1
"Isyanov, Ravil",0,0,0,0,0,0,0,0,1
"Crawford, Clayne",0,0,0,0,0,0,0,0,1
"Mahon, John (I)",0,0,0,0,0,0,1,0,0
"Bamber, Jamie",0,0,0,0,1,0,0,0,0
"Niel, Lil Steve",0,0,0,0,0,0,1,0,0
"Glass, Troy",1,0,0,0,0,0,0,0,0
"Alvarez, Ryan (I)",0,0,0,0,0,0,1,0,0
"Niemi, Laura",0,0,0,0,0,0,0,1,0
"Lineburg, Stephi",0,0,0,0,0,0,1,0,0
"Conti, John David",0,0,0,0,0,0,1,0,0
"Ling, Julia",0,0,0,0,0,0,0,0,1
"Brennan, Patrick (VII)",1,0,0,0,0,0,0,0,0
"Claywell, Brett",0,0,0,0,1,0,0,0,0
"Johnson, Carl J.",0,0,0,0,0,0,0,0,1
"Lyon, Austin",1,0,0,0,0,0,0,0,0
"Hallett, Alisha",0,0,1,0,0,0,0,0,0
"Kelly, Josh (I)",0,0,0,0,1,0,0,0,0
"Ayub, Donovan",0,0,1,0,0,0,0,0,0
"Costello, Julie (I)",0,0,0,0,0,0,0,0,1
"Borem, Patrese",0,0,0,0,0,0,0,0,1
"Nandi, Ivo",1,0,0,0,0,0,0,0,0
"Tee, Brian",1,0,0,0,0,0,0,0,1
"Becker, Gerry",0,0,0,0,0,0,1,0,0
"Ferrigno Jr., Lou",1,0,0,0,0,0,0,0,0
"Woodside, D.B.",0,0,0,0,0,0,0,0,1
"Wiehl, Christopher",0,0,0,0,0,0,0,0,1
"Poitier, Damion",0,0,0,0,1,0,0,1,0
"Dotrice, Roy",0,0,0,0,0,0,1,0,0
"Marshall, Andy (I)",0,0,0,0,0,0,0,0,1
"McCarthy, Casey (I)",0,0,0,0,0,0,0,0,1
"Brooks, Mehcad",0,0,0,0,1,0,0,0,0
"Desai, Angel",0,0,0,0,1,0,0,0,0
"Devlin, Chris (I)",0,0,0,0,0,0,1,0,0
"Araskog, Julie",0,0,0,0,0,0,1,0,0
"Ferrara, Michelle (I)",0,0,0,0,0,0,0,0,1
"Tonarelli, Carmen Nicole",0,0,0,0,0,0,1,0,0
"Raider-Wexler, Victor",0,0,0,0,0,0,1,0,0
"Sutherland, Angus (I)",0,0,0,0,1,0,0,0,0
Ashanti (II),0,0,0,0,0,0,0,0,1
"Sadler, William (I)",1,0,0,0,0,0,0,0,0
"Ross, Justin Jon",0,0,0,0,0,0,0,0,1
"Taylor, Ash (I)",0,0,0,0,0,0,1,0,0
"DeZarn, Tim",0,0,0,1,0,0,0,0,0
"Cooper, Darin",0,0,0,0,0,0,1,0,0
"Malone, Jay",0,0,0,0,1,0,0,0,0
"Aubert, K.D. (I)",0,0,0,0,0,0,0,0,1
"Kushi, Blake",0,0,0,0,1,0,0,0,0
"Graziadei, Michael",1,0,0,0,0,0,0,0,0
"Star, Lei'lah",0,0,0,0,1,0,0,0,0
"Kalas, Brad",0,0,0,0,0,0,1,0,0
"Scott, Wayne Alan",1,0,0,0,0,0,0,0,0
"Kim, Jason (I)",0,0,0,0,0,0,1,0,0
"Celi, Ara",0,0,0,0,0,0,0,0,1
"Weber, Molly (II)",0,0,0,0,0,0,1,0,0
"Cox, Fanshen",0,0,0,0,0,0,1,0,0
"Spano, Nick",0,0,0,0,0,0,1,0,0
"Nicholas, William",0,0,1,0,0,0,0,0,0
"Lo, Alice",0,0,0,0,0,0,1,0,0
"Will, Kevin",0,0,0,0,1,0,1,1,0
"Tancharoen, Maurissa",0,0,1,0,1,1,0,0,0
"Allan, Keith (I)",0,0,0,0,0,0,0,0,1
"Etienne, Treva",0,0,0,0,0,0,1,0,0
"Welliver, Titus",1,0,0,0,0,0,0,0,0
"Green, Brandon Ford",1,0,0,0,0,0,0,0,0
"Turner, Brahman",0,0,0,0,0,0,1,0,0
"Mironowski, Tanya",0,0,0,0,0,0,0,0,1
"Spiridellis, Evan",0,0,1,0,0,0,0,0,0
"Hannigan, Alyson",0,0,0,0,0,0,1,0,1
"McDuffie, Janora",0,0,0,0,0,0,0,1,0
"Mosley, Shannon",1,0,0,0,0,0,0,0,0
"Belfi, Jordan",0,0,0,0,0,0,0,0,1
"Babcock, Todd",0,0,0,0,0,0,0,0,1
"Leal, Carlos (II)",1,0,0,0,0,0,0,0,0
"Travis, Stacey (I)",0,0,0,0,0,0,1,0,0
"Soper, Blake",0,0,0,0,0,0,0,0,1
"Wayne, Brendan",1,0,0,0,0,0,1,0,0
"Enoch, Carlton",0,0,0,0,0,0,1,0,0
"Kennedy, Jack (V)",1,0,0,0,0,0,0,0,0
"Grey, Jennifer",0,1,0,0,0,0,0,0,0
"Garnant, Chris",0,0,0,0,0,0,0,0,1
"Lehne, Fredric",0,0,0,0,0,0,0,1,0
"Lau, Jim (I)",0,0,0,0,0,0,0,1,1
"Stephens, James (I)",0,0,0,0,0,0,0,0,1
"Gilbert, Brett",0,0,0,0,0,0,1,0,0
"Grad, Rob",0,0,0,0,0,0,0,0,1
"Neme, Jenifer",1,0,0,0,0,0,0,0,0
"Brady, CJ",1,0,0,0,0,0,0,0,0
"Knight, Lily",0,0,0,0,0,0,0,0,1
"Yerrid, Victor",0,0,0,0,0,0,1,0,0
"Bakkedahl, Dan",0,0,0,0,1,0,0,0,0
"Glass, Ron (I)",1,0,0,0,0,0,0,1,0
"Hutchison III, James",1,0,0,0,0,0,0,0,0
"Dougherty, Charles (I)",0,0,0,0,1,0,0,0,0
"Stephenson, Bob (II)",1,0,0,0,0,0,0,0,0
"Post, Allison",0,0,1,0,0,0,0,0,0
"Lacovara, Paul",1,0,0,0,0,0,0,0,0
"Clarke, Melinda (I)",0,0,0,0,0,0,0,1,0
"McDonald, Rich (I)",0,0,0,0,1,0,0,0,0
"Par, Richard",1,0,0,0,0,0,0,0,0
"Place, Patricia",0,0,0,0,0,0,0,0,1
"Alexandra, Gloria",0,0,0,0,0,0,1,0,0
"Malloy, Krisanne",0,0,0,0,0,0,1,0,0
"Pietruszewski, Alan",0,0,0,0,1,0,0,0,0
"Greenwalt, David",0,0,0,0,0,0,1,0,0
"Klemow, Corey",0,0,0,0,0,0,1,0,0
"Bickerton, Melissa",1,0,0,0,0,0,0,0,0
"Peters, Robert (I)",0,0,0,0,0,0,1,0,0
"Bridges, Jordan (I)",0,0,0,0,1,0,0,0,0
"Bess, Daniel",0,0,0,0,0,0,0,1,0
"Scott, Kathryn Leigh",1,0,0,0,0,0,0,0,0
"Badger, Jennifer",0,0,0,0,0,0,1,0,0
"Josefy, T.J.",0,0,0,0,1,0,0,0,0
"Canipe, Ridge",0,0,0,0,0,0,1,0,0
"Corvera, Geo",1,0,0,0,0,0,0,0,0
"Margulis, Abigail",0,0,0,0,0,0,1,0,0
"Wood, Ashleigh Ann",0,0,0,0,0,0,0,0,1
"Casey, Dillon (I)",1,0,0,0,0,0,0,0,0
"Hodgin, Tim",0,0,0,0,0,0,0,0,1
"Zoe, Deborah",0,0,0,0,0,0,1,0,0
"Taylor, Lauren (XXXV)",0,0,1,0,0,0,0,0,0
"Frazier, Mandell",1,0,0,0,0,0,0,0,0
"Alvarez, Salvador (I)",0,0,1,0,0,0,0,0,0
"Rothenberg, David (X)",0,0,1,0,0,0,0,0,0
"Rosenfeld, John",0,0,0,0,0,0,0,0,1
"Gjokaj, Enver",0,0,0,0,1,0,0,0,0
"Davis, Lorin",0,0,0,0,0,0,0,0,1
"Clifford, Wendy",0,0,0,0,0,0,0,0,1
"Charnell, Karen",0,0,0,0,0,0,0,0,1
"Montoya, Kacey",1,0,0,0,0,0,0,0,0
"Sixteen, Nicki",0,0,0,0,0,0,1,0,0
"Janic, Adrienne (I)",0,0,0,0,0,0,1,0,0
"Ozaki, Eijiro",1,0,0,0,0,0,0,0,0
"Garvin, Brian Reed",0,0,0,0,0,0,1,0,0
"Daube, Joseph",0,0,0,0,0,0,0,0,1
"McGee, Gwen",0,0,0,0,0,0,1,0,0
"Wolfson, David (II)",0,0,0,0,0,0,1,0,0
"Hickey, Blair",0,0,0,0,0,0,1,0,0
"Strauss, Natalie",0,0,0,0,0,0,0,0,1
"Vilasuso, Jordi",0,0,0,0,0,0,0,0,1
"Halford, Charles",1,0,0,0,0,0,0,0,0
"Ling, Bai",0,0,0,0,0,0,1,0,0
"White, Geordie",0,0,0,0,0,0,0,0,1
"Jewell, Linda (III)",0,0,0,0,0,0,1,0,0
"Thaddeus, John",0,0,0,0,0,0,0,1,0
"Henry, David (XXI)",1,0,0,0,0,0,0,0,0
"Shaw, Kyle (II)",0,0,0,0,1,0,0,0,0
"Marnhout, Heidi",0,0,0,0,0,0,1,0,0
"Hines, Terence Bernie",0,0,0,0,0,0,0,0,1
"Riley, William (X)",0,0,0,0,0,0,0,0,1
"Silberhartz, Jamie",0,0,0,0,1,0,0,0,0
"Reeve, Devin (I)",0,0,0,0,0,0,0,0,1
"Kranzler, Zachary",0,0,0,0,0,0,0,1,0
"Harvie, Ellie",0,0,0,1,0,0,0,0,0
"Galden, Darianne",0,0,0,0,0,0,0,0,1
"Leary, James C.",0,0,0,0,0,0,0,0,1
"Imhoff, Gary",0,0,0,0,0,0,0,0,1
"Campbell, Keith (I)",0,0,0,0,0,0,1,0,1
"Martinez, Marco Antonio (I)",1,0,0,0,0,0,0,0,0
"Sky, Jennifer",0,0,0,0,0,0,0,0,1
"Williams, Aimee (II)",0,0,1,0,0,0,0,0,0
"Haworth, Jennifer",0,0,0,0,0,0,1,0,0
"Gardner, Raquel",1,0,0,0,0,0,0,0,0
"Terrell, Felisha",1,0,0,0,0,0,0,0,0
"Kubr, Mark",0,0,0,0,1,0,0,0,0
"Savage, Susan (I)",0,0,0,0,0,0,1,0,0
"Todd, Tony (I)",0,0,0,0,0,0,1,0,0
"Mitchell, Wayne (II)",0,0,0,0,0,0,1,0,0
"Herman, David (I)",0,0,0,0,0,0,1,0,0
"Gracer, Nick",1,0,0,0,0,0,0,0,0
"Forward, William (I)",0,0,0,0,0,0,0,0,1
"Hagen, Daniel (I)",0,0,0,0,0,0,0,0,1
"Behr, Aaron (I)",1,0,0,0,0,0,0,0,0
"Mora, Danny",0,0,0,0,0,0,1,0,0
"McDancer, Buck",0,0,0,0,0,0,1,0,0
"Thorpe, Bill (I)",0,1,0,0,0,0,0,0,0
"Grey, Elliott",0,0,0,0,0,0,1,0,0
"Knadjian, Paren",0,0,1,0,0,0,0,0,0
"Francis, Ryan (I)",0,0,0,0,0,0,0,0,1
"Palmer, Andrew (II)",0,0,0,0,0,0,0,0,1
"Kelly, Mia (II)",0,0,0,0,0,0,1,0,0
"Shapiro, Sascha",0,0,0,0,0,0,1,0,0
"Irwin, Lance",1,0,0,0,0,0,0,0,0
"Moore, Joy Demichelle",0,0,0,0,0,0,0,0,1
"Spears, Aaron D.",0,0,0,0,0,0,1,0,0
"Dudley, Darius (I)",0,0,0,0,0,0,0,0,1
"Stahelski, Chad",0,0,0,0,0,0,0,0,1
"Tishler, Adair",0,0,0,0,1,0,0,0,0
"Bentley, John Eric",0,0,0,0,0,0,0,1,0
"Griesse, Ben",1,0,0,0,0,0,0,0,0
"Budd, Susan",0,0,1,0,0,0,0,0,0
"Torres, Gina (I)",0,0,0,0,0,0,1,1,0
"Pruitt, Jeff",0,0,0,0,0,0,0,0,1
"Sbarge, Raphael",0,0,0,0,1,0,0,0,0
"Comer, Kate",0,0,0,0,1,0,0,0,0
"Latzer, Josh",0,0,0,0,1,0,0,0,0
"Towne, Katharine",0,0,0,0,0,0,0,0,1
"Wagner, Brett (I)",0,0,0,0,0,0,1,0,1
"Harris, Jamie (I)",1,0,0,0,0,0,0,0,0
"Arenberg, Lee",0,0,0,0,0,0,1,0,0
"Johnson, Mulu",0,0,1,0,0,0,0,0,0
"Davalos, Alexa",0,0,0,0,0,0,1,0,0
"Courtney, James Jude",0,0,0,0,0,0,0,0,1
"Rosvall, Henrik",0,0,0,0,0,0,0,0,1
"Petrie, Douglas (I)",0,0,0,0,0,1,0,0,0
"Austin, Cas",0,0,1,0,0,0,0,0,0
"Northcutt, Dane",0,0,0,0,0,0,1,0,0
"Ruehl, Franklin",0,0,0,0,1,0,0,0,0
"Lambert, Jerry (II)",0,0,0,0,0,0,1,0,0
"Biscardi, Jessica",0,0,0,0,0,0,0,0,1
"Guidera, Anthony",0,0,0,0,0,0,1,0,0
"O'Brien, Mariah",0,0,0,0,0,0,0,0,1
"Butler, Nicole J.",1,0,0,0,0,0,0,0,0
"Russell, Heath",0,0,0,0,0,0,0,1,0
"Esformes, Jack (I)",0,0,0,0,0,0,0,0,1
"Comes, Christopher",0,0,0,0,0,0,1,0,0
"Abraham, Ken (I)",0,0,0,0,0,0,1,0,0
"Ricardo, Danny",0,0,0,0,0,0,1,0,0
"Crawford, Daz",1,0,0,0,0,0,0,0,0
Arif (VI),0,0,0,0,0,0,0,0,1
"Tallman, Chris",0,0,0,0,0,0,1,0,0
"Arce, Robert",0,0,0,0,0,0,0,0,1
"Bergman, Jaime",0,0,0,0,0,0,1,0,0
"Acevedo, Kirk",1,0,0,0,0,0,0,0,0
"Price, R.D.",0,0,0,0,0,0,0,0,1
"Ceraulo, Rich",1,0,0,0,0,0,0,0,0
"Sabongui, Patrick",0,0,0,1,0,0,0,0,0
"Chauncey, Chris",0,0,0,0,0,0,0,0,1
"Manea, Alexandra",1,0,0,0,0,0,0,0,0
"Piddock, Jim",0,0,0,0,1,0,1,0,0
"Lang, Joy",0,0,0,0,0,0,1,0,0
"Jacobson, Josh (I)",0,0,0,0,0,0,0,0,1
"Gregg, Clark",1,0,1,0,0,0,0,0,0
"Alexander, Alex (II)",0,0,0,0,0,0,1,0,0
"Mooney, Keith",0,0,0,0,0,0,0,1,0
"Jones, Jeannette McNeil",0,0,1,0,0,0,0,0,0
"Penn, Kal",0,0,0,0,0,0,1,0,1
"Young, Sean P.",0,0,0,0,0,0,1,0,0
"Maffia, Robert (I)",1,0,0,0,0,0,0,0,0
"Garcia, Kyla",1,0,0,0,0,0,0,0,0
"Crawford Brown, Pat",0,0,0,0,0,0,0,0,1
"Veal, Benz",0,1,0,0,0,0,0,0,0
"Ortlieb, Jim",0,0,0,0,0,0,1,0,0
"Brannagh, Brigid",0,0,0,0,0,0,1,0,0
"Edwards, Charles (VI)",0,0,1,0,0,0,0,0,0
"Crawford, Jarrod",1,0,0,0,0,0,1,0,0
"Meunier, David",0,0,0,0,0,0,1,0,1
"Dixon, Nicholette",0,0,0,0,0,0,0,0,1
"Bresk, Carl",0,0,0,0,0,0,0,1,0
"Harris, Jodi",0,0,0,0,0,0,1,0,0
"Geer, Willow",0,0,0,0,0,0,1,0,0
"Buzzington, Ezra",0,0,0,0,0,0,0,0,1
"Hines, Garrett",1,0,0,0,0,0,0,0,0
"Chávez, Luis (II)",0,0,0,0,0,0,1,0,0
"Bahr, Iris",0,0,0,0,1,0,0,0,0
"Bednar, Vanessa",0,0,0,0,0,0,0,0,1
"Qiu, Ming",0,0,0,0,0,0,0,0,1
"May, Lenora",0,0,0,0,0,0,0,0,1
"Glau, Summer",0,0,0,0,1,0,1,1,0
"Lewis, Phill",0,0,0,0,0,0,0,0,1
"Dourif, Brad",1,0,0,0,0,0,0,0,0
"Hillier, Kristin",0,0,0,0,0,0,1,0,0
"Enright, Michael",1,0,0,0,0,0,0,0,0
"Carnegie, Joseph",0,0,1,0,0,0,0,0,0
"Lee, Stan (I)",1,0,0,0,0,0,0,0,0
"Folkerson, Cindy",0,0,0,0,0,0,0,0,1
"Webberley, Melina",0,0,0,0,0,0,0,0,1
"Autry, Jennifer",0,0,0,0,0,0,1,0,0
"Poindexter, Jeris",1,0,0,0,0,0,0,0,0
"Monzon, Christian",0,0,0,0,1,0,0,0,0
"Latcham, Aileen",0,0,1,0,0,0,0,0,0
"Banks, Twyla",0,0,0,0,0,0,0,0,1
"Nash, Stephanie (I)",1,0,0,0,0,0,1,0,0
"Rad, Mike",0,0,0,0,0,0,0,0,1
"Ganus, Paul",0,0,0,0,1,0,0,0,0
"Carter, Kevin (I)",0,0,0,0,0,0,0,0,1
"Powell, Amy (I)",0,0,0,0,0,0,0,0,1
"Porter, Ted (I)",0,0,0,0,1,0,0,0,0
"Prince, Karim",0,0,0,0,0,0,0,0,1
"Stout, Rainy Jo",0,0,0,0,0,0,0,0,1
"Brisbin, David (I)",0,0,0,0,0,0,0,0,1
"Goddard, Drew",0,0,0,0,0,1,0,0,0
"Shah, Mila",0,0,1,0,0,0,0,0,0
"Boothe, Powers",1,0,0,0,0,0,0,0,0
"Patel, Hash",0,0,0,0,1,0,0,0,0
"Wolf, Issac",0,0,0,0,1,0,0,0,0
"Campbell, Caleb (I)",0,0,0,0,1,0,0,0,0
"Hilliard, Katie",1,0,0,0,0,0,0,0,0
"Serrano, Diego (II)",1,0,0,0,0,0,0,0,0
"Roman, Lauren E.",0,0,0,0,0,0,0,0,1
"McCredie, Jeff",0,0,0,0,0,0,0,0,1
"Daniels, Alex (I)",1,0,0,0,0,0,0,0,0
"Adams, Eddie (III)",0,0,0,0,0,0,0,1,0
"Caulfield, Emma",0,0,0,0,0,0,0,0,1
"Grey, Joel",0,0,0,0,0,0,0,0,1
"Paisley, Sonni",0,0,0,0,0,0,0,0,1
"English, Chris (VI)",0,0,1,0,0,0,0,0,0
"Salgado, Marcus",0,0,0,0,0,0,0,0,1
"Szarabajka, Keith",0,0,0,0,0,0,1,0,0
"Barillas, Christian (I)",1,0,0,0,0,0,0,0,0
"Martin, Ed Francis",0,0,0,0,0,0,0,0,1
"Ward, Zack (I)",0,0,0,0,1,0,0,0,0
"Lanston, Jude",1,0,0,0,0,0,0,0,0
"Matthys, Michael",0,0,0,0,0,0,0,0,1
"Bethune, Patricia",0,0,0,0,0,0,1,0,1
"Ferguson, Sharon (I)",0,0,0,0,0,0,0,0,1
"Dippold, Heidi",0,0,0,0,0,0,1,0,0
"Shepard, Dakota (I)",0,1,0,0,0,0,0,0,0
"Stoverink, Fred",0,1,0,0,0,0,0,0,0
"Larrymore Kelly, Rae'Ven",0,0,0,0,0,0,0,0,1
"Almquist, Viking (I)",1,0,0,0,0,0,0,0,0
"Fury, David (I)",0,0,1,0,0,1,1,0,1
"Sanchez, Paul (II)",1,0,0,0,0,0,0,0,0
"Harpster, Noah",0,0,0,0,1,0,0,0,0
"Otto, Rick (I)",1,0,0,0,1,0,0,0,0
Dobber,0,0,0,0,1,0,0,0,0
"Vito, Robert",0,0,0,0,0,0,0,0,1
"Reina, Lauren",0,0,0,0,0,0,1,0,0
"Coney, Crystal",1,0,0,0,0,0,0,0,0
"Nisa, Katie",0,0,0,0,1,0,0,0,0
"Cole, Kimberly (II)",0,0,0,0,1,0,0,0,0
"Aufranc, Kaarina",0,0,0,0,0,0,0,0,1
"Connor, James M.",0,0,0,0,0,0,0,0,1
"Dunn, John (I)",0,0,0,0,0,0,0,1,0
"Haines, Wendy (I)",0,0,0,0,0,0,1,0,0
"Iyer, Kris",0,0,0,0,0,0,0,0,1
"Ishibashi, Marina",0,0,0,1,0,0,0,0,0
"Pack, Cathy",0,0,1,0,0,0,0,0,0
"Weaver, Sigourney",0,0,0,1,0,0,0,0,0
"DeArmitt, Jenny",0,0,1,0,0,0,0,0,0
"Coulouras, Christopher",0,1,0,0,0,0,0,0,0
"Milicevic, Ivana",0,0,0,0,0,0,0,0,1
"Laresca, Vincent",1,0,0,0,1,0,0,0,0
"Skipper, Pat",0,0,0,0,0,0,0,0,1
"Staite, Jewel",0,0,0,0,0,0,0,1,0
"Cuprill, Bryan",0,0,0,0,0,0,0,0,1
"Breen, Patrick (I)",0,0,0,0,0,0,1,0,0
"Jones, Lori Morkunas",1,0,0,0,0,0,0,0,0
"Gray, John J.",0,0,0,0,0,0,1,0,0
"Cowdery, Josh (I)",1,0,0,0,0,0,0,0,0
"Garnett, Shannon",1,0,0,0,0,0,0,0,0
"Bryant, Clara",0,0,0,0,0,0,0,0,1
"Bailey, Tom (II)",0,0,0,0,0,0,0,0,1
"Leps, Christopher",0,0,0,0,0,0,1,0,1
"Rieck, Billy",0,0,0,0,0,0,1,0,0
"Davis, Giulia",0,0,1,0,0,0,0,0,0
"Abernathy, Donzaleigh",1,0,0,0,0,0,0,0,0
"Grover, Micki",0,0,1,0,0,0,0,0,0
"Spiro, Jordana",0,0,0,0,0,0,0,0,1
"Burrs, Marcia Ann",0,0,0,0,0,0,0,0,1
"James, Jesse (I)",0,0,0,0,0,0,1,0,0
"Flax, Phyllis",0,0,0,0,0,0,1,0,0
"Welles, Shannon (I)",0,0,0,0,0,0,1,0,1
"Yama, Michael",0,0,0,0,0,0,1,0,0
"Pidgeon, Simon",0,0,0,1,0,0,0,0,0
"Tung, Jennifer",0,0,0,0,0,0,1,0,0
"Tupen, Jake",0,0,0,0,0,0,1,0,0
"Dolan, Robert (II)",0,0,0,0,0,0,1,0,0
"Horsdal, Chelah",0,0,0,1,0,0,0,0,0
"Sachoff, Dan (I)",1,0,0,0,0,0,0,0,0
"Bates, Emma (I)",0,0,1,0,0,0,0,0,0
"Huse, Chris",0,0,0,0,0,0,1,0,0
"Head, Anthony",0,0,0,0,0,0,0,0,1
"Crouse, Lindsay",0,0,0,0,0,0,0,0,1
"Garemani, Kristen",0,0,1,0,0,0,0,0,0
"McElligott, Sarah",0,0,0,0,1,0,0,0,0
"Mulvihill, Sandy",0,0,0,0,0,0,0,1,0
"Shimizu, Kae",0,0,0,0,1,0,0,0,0
"Gallegos, Reynaldo",0,0,0,0,0,0,1,0,0
"Strong, Danny",0,0,0,0,0,0,0,0,1
"Morrissey, Roger W.",0,0,0,0,0,0,0,0,1
"Vincent, Christian (II)",0,0,0,0,0,0,0,0,1
"Carrara, Leslie",0,0,0,0,0,0,1,0,0
"Hutchinson, Josh (I)",0,0,0,0,0,0,1,0,0
"Honda, Yuka (I)",0,0,0,0,0,0,0,0,1
"Landson, Joel",0,0,1,0,0,0,0,0,0
"Dougherty, Steven",0,1,0,0,0,0,0,0,0
"Dean, Jeffrey Patrick",0,0,0,0,0,0,1,0,0
"Fischler, Patrick",0,0,0,0,0,0,1,0,0
"Bishop, Meredith (I)",1,0,0,0,0,0,0,0,0
"Lang, Matthew (I)",0,0,0,0,0,0,0,0,1
"Kane, Brad (I)",0,0,0,0,0,0,0,0,1
"Paxton, Bill",1,0,0,0,0,0,0,0,0
"Denman, Tony",0,0,0,0,0,0,1,0,0
"Adam, Omar (I)",0,0,0,0,1,0,0,0,0
"Hall, Jason (I)",0,0,0,0,0,0,0,0,1
"Noble, Robert (I)",0,0,0,0,0,0,0,0,1
"Grant, Beth",0,0,0,0,0,0,1,0,0
"Emery, Denise",0,0,0,0,0,0,0,0,1
"Kalik, Antal",1,0,0,0,0,0,0,0,0
"Wesley, Charles (I)",0,0,0,0,0,0,0,0,1
"Kempe, Will",0,0,0,0,0,0,1,0,0
"Christopher, Jason (I)",0,0,0,0,0,0,0,0,1
"Bergen, Tushka",0,0,0,0,0,0,1,0,0
"Gurney, Scott",0,0,0,0,0,0,0,0,1
"Kelly, Connor (I)",0,0,0,0,0,0,1,0,0
"Almeida, Enrique",0,0,0,0,0,0,0,0,1
"Kwok, Miranda",0,0,0,0,0,0,0,0,1
"Fairman, Michael (I)",0,0,0,0,0,0,0,1,0
"McVey, Kara",0,0,1,0,0,0,0,0,0
"McIntyre, Byron",1,0,0,0,0,0,0,0,0
"Keeslar, Matt",0,0,0,0,1,0,0,0,0
"Trela, Riley",0,0,1,0,0,0,0,0,0
"Shirley, Adam James",0,0,1,0,0,0,0,0,0
"McGee, Kane",0,0,0,0,0,0,0,0,1
"Medina, Roberto (I)",1,0,0,0,0,0,0,0,0
"Ginther, Mark (I)",0,0,0,0,0,0,1,0,1
"Vanegas, T. Miguel",0,0,1,0,0,0,0,0,0
"Marasco, Ron",0,0,0,0,0,0,1,0,0
"Logan, Paul (I)",0,0,0,0,0,0,1,0,0
"Jansen, David A.",1,0,0,0,0,0,0,0,0
"Bliss, Honor",0,0,0,0,0,0,1,0,0
"White, John Patrick",0,0,0,0,0,0,0,0,1
"Reid, Michael Earl",0,0,0,0,0,0,0,0,1
"Parks, Andrew (I)",0,0,0,0,0,0,1,0,0
"Caple, Ashley",1,0,0,0,0,0,0,0,0
"Hahn, Jacqueline",0,0,0,0,0,0,1,0,0
"Jennings, Juanita",0,0,0,0,0,0,0,0,1
"Wasser, Alexi",1,0,0,0,0,0,0,0,0
"Belushi, Robert",1,0,0,0,0,0,0,0,0
"Morgan, Judson Pearce",0,0,0,0,0,0,1,0,0
"Kettner, Carla",0,0,1,0,0,0,0,0,0
"Herlinger, Karl (II)",0,0,0,0,1,0,0,0,0
"Betts, Erik",0,0,0,0,0,0,1,0,1
"Virtue, Tom (I)",0,0,0,0,0,0,0,1,0
"Hack, Steven",0,0,0,0,0,0,1,0,0
"Summers, Steve (IV)",0,0,0,0,0,0,0,0,1
"Lynch, Colin Patrick",0,0,0,0,0,0,1,1,0
"Choi, Tom",0,1,0,0,0,0,0,0,0
"Levy, Hila",0,0,0,0,0,0,0,0,1
"Lane Jr., Teddy",0,0,0,0,0,0,0,0,1
"Chambers, Marie (II)",0,0,0,0,0,0,1,0,0
"Cooper, Abby (I)",0,0,0,0,1,0,0,0,0
"Holloman, Laurel",0,0,0,0,0,0,1,0,0
"Cockrum, Dennis",0,0,0,0,0,0,0,1,0
"Townsend, Jessica (I)",0,0,0,0,0,0,0,0,1
"Moore, Ryan (L)",0,0,1,0,0,0,0,0,0
"Notary, Terry",0,0,0,1,0,0,0,0,0
"Mitchell, Cutter",1,0,0,0,0,0,0,0,0
"Moursi, Waleed",0,0,0,0,0,0,1,0,0
"Nagy, Michael",0,0,0,0,0,0,1,1,1
"Baker, Thomas R.",1,0,0,0,0,0,0,0,0
"Pugh, Brian (I)",0,0,0,0,1,0,0,0,0
"Urich, Justin",0,0,0,0,0,0,0,0,1
"Mask, Ace",0,0,0,0,0,0,0,0,1
"Stear, Rick (I)",0,0,0,0,0,0,0,0,1
"Smith, Kelly (VII)",0,0,0,0,0,0,0,0,1
"Silverman, Laura",0,0,0,0,0,0,1,0,1
"Hubbard, Valorie",1,0,0,0,0,0,0,0,0
"Crisp, Tom (I)",1,0,0,0,0,0,0,0,0
"Halsey, Michael",0,0,0,0,0,0,1,0,0
"Ecklund, Jon (I)",0,0,0,0,0,0,1,0,0
"Bell, Coby",0,0,0,0,0,0,0,0,1
"Cohen, Cate",0,0,0,0,0,0,0,1,1
"West, Kevin E.",0,0,0,0,0,0,1,0,0
"Dilio, Anthony",1,0,0,0,0,0,0,0,0
"Goolsby, Landall",1,0,0,0,0,0,0,0,0
"Lombard, Mace",0,0,0,0,0,0,0,0,1
"Kairys, Ted",0,0,0,0,0,0,1,0,0
"Bloom, Brian (I)",0,0,0,0,1,0,0,0,0
"Garemani, Noyan",0,0,1,0,0,0,0,0,0
"Fickes, Ben",0,0,1,0,0,0,0,0,0
"Gross, Arye",0,0,0,0,1,0,0,0,0
"Randolph, Lisa (II)",0,0,1,0,0,0,0,0,0
"Ryan, Tracy (II)",0,0,0,0,0,0,0,1,0
"Neil, Adrian",0,0,0,0,0,0,0,0,1
"Brett, Marc",0,0,0,0,0,0,1,0,0
"Richardson, Mesan",0,0,0,0,0,0,1,0,0
"Henstridge, Elizabeth",1,0,0,0,0,0,0,0,0
"Chon, Arnold (I)",1,0,0,0,0,0,0,0,0
"Power, Dave",0,0,0,0,0,0,0,0,1
"O'Connor, Raymond (I)",0,0,0,0,0,0,0,0,1
"Salenger, Meredith",0,0,0,0,0,0,0,0,1
"Gier, Michael",0,0,0,0,1,0,0,0,0
"Austin, Jeri",0,0,0,0,0,0,0,0,1
"Stone, Rhashan",0,0,0,0,1,0,0,0,0
"Paul, Jarrad",0,0,0,0,0,0,0,0,1
"Aylward, Beth",0,0,0,0,0,0,0,0,1
"Eckles, Chris",0,0,0,0,0,0,1,0,0
"Heames, Darin",0,0,0,0,0,0,0,0,1
"Metz, Rebecca",0,0,0,0,0,0,1,0,0
"O'Leary, John (I)",0,0,0,0,0,0,0,0,1
"Lindsey, Jim (III)",0,0,0,0,1,0,0,0,0
"Vilner, Olga (I)",0,0,0,0,0,0,1,0,0
"Bellucci, John (I)",0,0,0,0,0,0,0,0,1
"Powers, Ryan (III)",1,0,0,0,0,0,0,0,0
"Bishop, Loanne",0,0,0,0,0,0,0,0,1
"Rostedt, Trenton",1,0,0,0,0,0,0,0,0
"Rosales Jr., Thomas",0,0,0,0,0,0,1,0,0
"Leslie, Susan (I)",0,0,0,0,0,0,0,0,1
"DeCastro, Steve",1,0,0,0,0,0,0,0,0
"Mont, Robert (I)",0,0,0,0,0,0,0,0,1
"Embry, Amelinda",0,0,0,0,0,0,0,0,1
"Larcom, Trevor",1,0,0,0,0,0,0,0,0
"Dryer, Fred (I)",1,0,0,0,0,0,0,0,0
"Hermes, Ben",0,0,0,0,1,0,0,0,0
"Gray, David Barry",0,0,0,0,1,0,0,0,0
"Pickell, Tripp",0,0,0,0,0,0,1,0,0
"Garcia-Kelleher, Victoria",0,0,0,0,0,0,1,0,0
"Perez, Mario (II)",1,0,0,0,0,0,0,0,0
"Kocher, Nick",0,0,1,0,0,0,0,0,0
"Pugliese, Al",0,0,0,0,0,0,0,1,0
"Skyler, Tristine",0,0,0,0,0,0,1,0,0
"Scowley, Stacey",0,0,0,0,1,0,0,0,1
"Boyd, Potsch",1,0,0,0,0,0,0,0,0
"Howard, Joe (I)",0,0,0,0,1,0,0,0,1
"Helberg, Simon",0,0,0,0,0,1,0,0,0
"Smith, Caleb (XVIII)",1,0,0,0,0,0,0,0,0
"Silver, Michael J.",1,0,0,0,0,0,0,0,0
"Borden, Rainbow",0,0,0,0,0,0,1,0,0
"Yenque, Jose",0,0,0,0,0,0,1,0,0
"Brendon, Nicholas",0,0,0,0,0,0,0,0,1
"Rosas, Louis E.",0,0,0,0,0,0,1,0,1
"Ziegler, Susan",0,0,0,0,1,0,0,0,0
"McNeil, Timothy",0,0,0,0,0,0,1,0,0
"Sabbah, Sam",0,0,0,0,1,0,0,0,0
"Oliver, Karim",0,0,0,0,0,0,0,0,1
"Maynard, Jeff (I)",0,0,0,0,0,0,0,0,1
"Marrero Jr., Albert",1,0,0,0,0,0,0,0,0
"Collins, Greg (II)",0,0,0,0,1,0,1,0,0
"Brenna, Troy",0,0,0,0,0,0,0,0,1
"Nelson, Mike C.",1,0,0,0,0,0,0,0,0
"Kapelos, John",0,0,0,0,0,0,1,0,0
"Cruz, Valerie",0,0,0,0,1,0,0,0,0
"Malicki-Sánchez, Keram",0,0,0,0,0,0,0,0,1
"Kasule, Geoffrey",0,0,0,0,0,0,0,0,1
"Sweeney, Warren",0,0,0,0,1,0,0,0,0
"Dion, April",0,0,0,0,0,0,0,0,1
"Cherney, Darrel",1,0,0,0,0,0,0,0,0
"Malley, Cairin",0,0,1,0,0,0,0,0,0
"Phillips, Derek (III)",1,0,0,0,0,0,0,0,0
"Smith Jr., Cornelius",1,0,0,0,0,0,0,0,0
"Mollen, Jenny",0,0,0,0,0,0,1,0,0
"Martino, Karen Ann",0,1,0,0,0,0,0,0,0
"Rose, Marc (I)",0,0,0,0,0,0,1,0,1
"LeBrun, Al",0,0,0,0,0,0,1,0,0
"Landon, Aaron",1,0,0,0,0,0,0,0,0
"Manasseri, Michael",0,0,0,0,0,0,0,0,1
"Drake, Larry (I)",0,0,0,0,0,0,0,1,0
"Von Johnson, Sandra",0,0,0,0,0,0,0,0,1
"Donovan, Scott (I)",0,0,0,0,0,0,1,0,0
"Volok, Ilia",1,0,0,0,0,0,0,1,0
"Burgess, Dominic (I)",1,0,0,0,0,0,0,0,0
"Porter, Steven M.",0,0,0,0,0,0,0,0,1
"Sloviter, Becky",0,0,1,0,0,0,0,0,0
"Bryant, Molly (I)",0,0,0,0,0,0,0,0,1
Loki (IV),1,0,0,0,0,0,0,0,0
"Hager, Tim",0,0,0,0,0,0,0,0,1
"Black, Heather (II)",0,0,0,0,0,1,0,0,0
"Fimiani, Bob",0,0,0,0,0,0,1,1,1
"Powers, Amanda (III)",0,0,1,0,0,0,0,0,0
"Devlin, Sara",0,0,0,0,0,0,1,0,0
"Smulders, Cobie",1,0,0,0,0,0,0,0,0
"Jacott, Carlos",0,0,0,0,0,0,1,1,1
"Norby, Kate",0,0,0,0,0,0,1,0,0
"Wharton, Richard (I)",0,0,0,0,0,0,0,0,1
"Limon, Iyari (I)",0,0,0,0,0,0,0,0,1
"Nelson, Micah (III)",1,0,0,0,0,0,0,0,0
"Creek, Jayson",0,0,0,0,0,0,1,0,0
"Vassey, Liz",0,0,0,0,0,1,0,0,0
"Koruba, Matt",0,0,0,0,0,0,0,0,1
"Erickson, Chad (I)",0,0,0,0,0,0,0,0,1
"Gregory, Ian (I)",1,0,0,0,0,0,0,0,0
"Roberts, Burke (I)",0,0,0,0,0,0,0,0,1
"Hawley, Brian (II)",0,0,0,0,0,0,0,0,1
"Denton, Jeff",0,0,0,0,0,0,1,0,1
"Kokich, Nick (I)",0,0,0,0,0,0,0,0,1
"May, Christopher (I)",0,0,0,0,0,0,0,0,1
"Heitz, Alan",0,0,0,0,0,0,0,0,1
"Schmid, Tom",0,0,0,0,0,0,1,0,0
"Szonert, Eliza",0,0,0,0,0,0,1,0,0
"Yount, Dell",0,0,0,0,0,0,0,0,1
"Black, Lisa Rae",0,0,0,0,0,0,0,0,1
"LaFleur, Art",0,0,0,0,0,0,1,0,0
"Petrie, Sarah (II)",0,0,1,0,0,0,0,0,0
"Howard, Rance (I)",0,0,0,0,0,0,1,0,0
"Walters, Patrice",0,0,0,0,0,0,0,0,1
"Ahmad, Mueen Jahan",0,0,0,0,0,0,0,0,1
"Massa, Mike (I)",0,0,0,0,1,0,0,0,0
"Martin, Chris William",0,0,0,0,1,0,0,0,0
"Pratt, Sharon",0,0,0,0,0,0,0,0,1
"Kane, Christian",0,0,0,0,0,0,1,0,0
"Raith, Hans (I)",0,0,0,0,0,0,1,0,0
"Rota, Carlo (I)",1,0,0,0,0,0,0,0,0
"Hertzberg, George",0,0,0,0,0,0,0,0,1
"Garcia, Aimee",0,0,0,0,0,0,1,0,0
"Armand, Pascale",1,0,0,0,0,0,0,0,0
"Sagastizado I, Tony",0,0,0,0,0,0,1,0,0
"Hagerty, Mike (I)",0,0,0,0,0,0,1,0,0
"Beasor, Terrence",0,0,0,0,0,0,1,0,0
"Rothhaar, Michael",0,0,0,0,0,0,0,0,1
"Madrid, Robert (I)",0,0,0,0,0,0,1,0,0
"Christopher, Dennis (I)",0,0,0,0,0,0,1,0,0
"Woodlee, Zachary",0,0,0,0,0,0,0,0,1
"Giovinazzo, Carmine",0,0,0,0,0,0,0,0,1
"Pierce, Kyle David",1,0,0,0,0,0,0,0,0
"Manoux, J.P.",0,0,0,0,0,0,1,0,0
"Warren, Michael (I)",0,0,0,0,0,0,0,0,1
"Page, Greg (XV)",0,0,1,0,0,0,0,0,0
"Beatty, Richard (I)",0,0,0,0,0,0,0,0,1
"Rice, Daren",0,0,0,0,0,0,1,0,0
"Hisoler, Ben",0,0,0,0,0,0,0,0,1
"Millar, W. Robert",0,0,1,0,0,0,0,0,0
Keli'l,0,0,0,0,0,0,1,0,0
"Maize, Michael (I)",0,0,0,0,0,0,1,0,0
"Inoue, Eiji (I)",0,0,0,0,0,0,1,0,0
"Klimecko, Stan (I)",0,0,0,0,0,0,1,0,0
"Parks, Sean",0,0,1,0,0,0,0,0,0
"West, Shane (I)",0,0,0,0,0,0,0,0,1
"Sikora, Joseph (I)",0,0,0,0,1,0,0,0,0
"Valentine, Max",0,0,0,0,0,0,1,0,0
"Goodman, Henry (I)",1,0,0,0,0,0,0,0,0
"Atterton, Edward",0,0,0,0,0,0,0,1,0
"Connor, Justin (II)",0,0,0,0,0,0,1,0,0
"Short, John (I)",0,0,0,0,0,0,1,0,0
"Miracle, Michelle",0,0,0,0,0,0,0,0,1
"Pilver, Adam",0,0,0,0,0,0,0,1,0
"Griffin, Dax",0,0,0,0,0,0,0,1,0
"Hodge, Edwin",0,0,0,0,0,0,1,0,0
"McDonough, Neal",1,0,0,0,0,0,0,0,0
"Bloomingdale, Samar",0,0,1,0,0,0,0,0,0
"Nicolet, Danielle",0,0,0,0,0,0,1,0,0
"Kilner, Kevin",0,0,0,0,1,0,0,0,0
"Maki, Ally",0,0,0,0,0,0,0,0,1
"Dahlberg, Christopher",0,0,0,0,0,0,0,0,1
"McCleister, Tom",0,0,0,0,0,0,1,0,0
"Anderson, Rico E.",0,0,0,0,1,0,0,0,0
"Gantt, Mark",0,0,0,0,0,0,0,0,1
"Novak, Frank (II)",0,0,0,0,0,0,1,0,0
"Shah, Pia",1,0,0,0,0,0,0,0,0
"Lunnon, Vanessa",0,0,0,0,0,0,1,0,0
"Cole, Kai",0,0,1,0,0,0,0,0,0
"Keller, Kevin (V)",0,0,0,0,0,0,0,0,1
"Otto, Kevin",0,0,0,0,0,0,1,0,0
"Stewart, Lori (I)",0,0,0,1,0,0,0,0,0
"Roth, Nick (I)",1,0,0,0,0,0,0,0,0
"Scivier, Sarah",0,0,0,0,0,0,0,0,1
"Tobolowsky, Stephen",0,0,0,0,0,0,0,0,1
"Robertson, Ben (IX)",0,1,0,0,0,0,0,0,0
"Griffin, Jennifer (I)",0,0,0,0,0,0,1,0,0
"Friedlander, Ashley (I)",0,0,1,0,0,0,0,0,0
"Edwards, Brett",1,0,0,0,0,0,0,0,0
"Kelly, John (XXXVI)",0,0,0,0,1,0,0,0,0
"Liberman, Erik",0,0,0,0,0,0,1,0,0
"Johnson, Lia",0,0,0,0,0,0,1,0,0
"Shonka, J. Scott",0,0,0,0,0,0,1,0,0
"Wheeler, Joshua (I)",0,0,0,0,0,0,0,0,1
"Willig, Matthew",1,0,0,0,0,0,0,0,0
"Mastrobuono, Alessandro",0,0,0,0,0,0,0,0,1
"Sarkisian, John",0,0,0,0,0,0,0,0,1
"Zeller, Scot",0,0,0,0,0,0,0,0,1
"Hart, Ian (I)",1,0,0,0,0,0,0,0,0
"Rowland, Rodney",0,0,0,0,0,0,1,0,0
"Morris, Mitch (I)",0,0,0,0,0,0,0,0,1
"Block, David (XI)",0,0,0,0,0,0,1,0,0
"Calvert, James (I)",0,0,0,0,0,0,1,0,0
"Greve, Fritz",0,0,0,0,0,0,0,0,1
"Olsen, Grant",0,0,1,0,0,0,0,0,0
"Omari, Morocco",0,0,0,0,0,0,1,0,0
"Parver, Kelly",0,0,0,0,0,0,0,0,1
"Harris, Neil Patrick",0,0,0,0,0,1,0,0,0
"Herndon, John Michael",0,0,0,0,0,0,0,0,1
"Prescott, Nicole",0,0,0,0,0,0,0,0,1
"Bloomingdale, Alex",0,0,1,0,0,0,0,0,0
"Montgomery, Isaac Stephen",1,0,0,0,0,0,0,0,0
"Hong, James (I)",1,0,0,0,0,0,0,0,0
"Roth, Laura (II)",0,0,0,0,0,0,0,0,1
"Compte, Maurice",0,0,0,0,0,0,1,0,0
"Quinlan, Patrick",1,0,0,0,0,0,0,0,0
"Howard, Travis (I)",0,1,0,0,0,0,0,0,0
"Elen, Cami",0,0,0,0,0,0,0,0,1
"Roderick, Rachelle",0,0,0,0,0,0,1,0,0
"Easley, Margaret",0,0,0,0,0,0,0,0,1
"Mulrowe, Sherida",0,0,0,0,1,0,0,0,0
"Vega, Franco (I)",1,0,0,0,0,0,0,0,0
"Diogo, Josh",1,0,0,0,0,0,0,0,0
"Bracher, Karin",0,0,1,0,0,0,0,0,0
"England, Yan",0,0,0,0,0,0,0,0,1
"Stephens, Chris M.",0,0,0,0,0,0,1,0,0
"MacDonald, James (I)",1,0,0,0,0,0,0,0,1
"Baccarin, Morena",0,0,0,0,0,0,0,1,0
"Waymouth, Belinda",0,0,0,0,0,0,1,0,0
"Alpay, David",0,0,0,0,1,0,0,0,0
"Burgess, Nathan",0,0,0,0,0,0,0,0,1
"Jackson, Rebecca (I)",0,0,0,0,0,0,0,0,1
Indigo (I),0,0,0,0,0,0,0,0,1
"Reynolds, David (VII)",0,0,0,0,0,0,0,1,0
"Vincent, Craig (I)",0,0,0,0,0,0,0,1,0
"Toy, Camden",0,0,0,0,0,0,1,0,1
"Vaughan, Greg (I)",0,0,0,0,0,0,0,0,1
"Talbot, Annie (I)",0,0,0,0,0,0,0,0,1
"Blacker, Joel",0,0,1,0,0,0,0,0,0
"Jorgensen, Petra",0,0,0,0,0,0,1,0,0
"Laurie, Miracle",0,0,0,0,1,0,0,0,0
"Bilson, Rachel",0,0,0,0,0,0,0,0,1
"Saiet, Eric",0,0,0,0,0,0,0,0,1
"Glick, Steve",0,0,1,0,0,0,0,0,0
"Poe, Jared",0,0,0,0,0,0,1,1,0
"Longoria, Ernie",0,0,0,0,0,0,0,0,1
"Wayton, Gary J.",0,0,0,0,0,0,0,1,0
"Tudyk, Alan",0,0,0,0,1,0,0,1,0
"McCarthy, Joseph (II)",0,0,0,0,0,0,1,0,0
"Garza, Brittnee",1,0,0,0,0,0,0,0,0
"Duthie, Scott",0,0,0,0,0,0,0,0,1
"Draper, Courtnee",0,0,0,0,0,0,0,0,1
"Torrence, Scott",0,0,0,0,0,0,0,0,1
"Dumont, Sarah",1,0,0,0,0,0,0,0,0
"Gilhool, Nicholas K.",0,0,0,0,0,0,1,0,0
"Cetrone, Richard",0,0,0,1,0,0,0,0,0
"Dawson, Frederick",0,0,0,0,0,0,0,0,1
"Lang, Lex",1,0,0,0,0,0,0,0,0
"Durbin, John (I)",0,0,0,0,0,0,1,0,0
"Leigh, Hannah (I)",0,0,0,0,1,0,0,0,0
"Hotchko, Andre",0,0,0,0,0,0,1,0,0
"Bickford, David",0,0,0,0,0,0,1,0,0
"Doughan, Jim",0,0,0,0,0,0,0,0,1
"Palicki, Adrianne",1,0,0,0,0,0,0,0,0
"Corbett, Jeff (I)",1,0,0,0,0,0,0,0,0
"Bates, Paul (I)",0,0,0,0,0,0,0,0,1
"Grimes, Adam (I)",0,0,0,0,0,0,0,0,1
"Pullos, Haley",0,0,0,0,1,0,0,0,0
"Duplaix, Daphne",0,0,0,0,0,0,1,0,0
"Baker, Andrea (III)",0,0,0,0,0,0,0,0,1
"Seehorn, Rhea",0,0,0,0,1,0,0,0,0
"Daléa, Robin",0,0,0,0,0,0,1,0,0
"Nelson, Katrina (II)",0,0,0,0,1,0,0,0,0
"Chernin, Simon",0,0,0,0,0,0,0,0,1
"Way, Erin (I)",1,0,0,0,0,0,0,0,0
"Hernández, Maximiliano",1,0,0,0,0,0,0,0,0
"Flynn, Miriam (I)",0,0,0,0,0,0,0,0,1
"Danson, Kate (I)",0,0,0,0,0,1,0,0,0
"Harrell, Anthony",0,0,0,0,0,0,0,0,1
"Chuang, Susan",0,0,0,0,0,0,0,0,1
"Lerner, Ken (I)",0,0,0,0,0,0,0,0,1
"Hoegl, Nicole",0,0,1,0,0,0,0,0,0
"Murray, Daniel (I)",0,0,0,0,0,0,0,0,1
"Reynolds, Larissa",0,0,0,0,0,0,0,0,1
"Piotrowski, Casey",0,0,0,0,0,0,0,1,0
"Mince, Jeff",0,0,0,0,0,0,0,0,1
"Feuerriegel, Daniel",1,0,0,0,0,0,0,0,0
"Nagle, Rob",0,0,0,0,0,0,0,0,1
"Theule, Shannon",0,1,0,0,0,0,0,0,0
"Werner, Roy (I)",0,0,0,0,0,0,1,1,0
"Stehlin, Jack",0,0,0,0,0,0,0,0,1
"French, Colby",0,0,0,0,0,0,1,0,0
"Brown, Deborah (I)",0,0,0,0,0,0,0,0,1
"Podell, Eyal",0,0,0,0,0,0,1,0,0
"Caceres, Kurt",0,0,0,0,1,0,0,0,0
"Andrew, Markell",1,0,0,0,0,0,0,0,0
"Giordano, Anthony Steven",0,0,0,0,0,0,0,0,1
"Gardner, Pete",0,0,0,0,0,0,1,0,0
"Ferchland, Andrew J.",0,0,0,0,0,0,0,0,1
"Greenberg, Drew",0,0,1,0,0,0,0,0,0
"Katzman, Gerry",0,0,0,0,0,0,1,0,0
"Maynard, John (III)",0,0,0,0,0,0,1,0,0
"Stellrecht, Skip",0,0,0,0,0,0,0,0,1
"McClintock, Eddie",1,0,0,0,0,0,0,0,0
"Hawkes, John (I)",0,0,0,0,0,0,0,0,1
"Roberts, Douglas (I)",0,0,0,0,0,0,1,0,0
"Powers, LeeAnn",0,0,0,0,0,0,1,0,0
"Bittle, Ryan",0,0,0,0,0,0,0,0,1
"Pareira, Randi",0,0,0,0,0,0,0,0,1
"Nicole, Jennifer (I)",0,0,0,0,0,0,0,0,1
"Filatova, Natalya",0,0,0,0,0,0,1,0,0
"Lieberman, Scott Andrew",1,0,0,0,0,0,0,0,0
"McLean, Stuart (I)",0,0,0,0,0,0,0,0,1
"O'Mahoney, Stephen",0,0,0,0,0,0,0,1,0
"Regan, Riff",0,0,0,0,0,0,0,0,1
"Yavnielli, Michael",0,0,0,0,0,0,1,0,0
"Hodge, Aldis",0,0,0,0,0,0,0,0,1
"Smith, Michael Bailey (I)",0,0,0,0,0,0,0,0,1
"Dale, Ian Anthony",0,0,0,0,1,0,1,0,0
"Lo, Chi Muoi",0,0,0,0,0,0,0,0,1
"Tazel, Erica",0,0,0,0,0,0,0,1,0
"Morrisey, Bob",0,0,0,0,0,0,1,0,1
"Posey, Jason (I)",0,0,0,0,0,0,0,0,1
"Changchien, Louis Ozawa",1,0,0,0,0,0,0,0,0
"Porter, BJ",0,0,0,0,0,0,1,0,0
"Neuhaus, Ingo",0,0,0,0,0,0,0,0,1
"Goodwin, Matt (I)",0,0,0,0,0,0,1,0,0
"Williams, Kaleti",0,0,0,0,1,0,0,0,0
"Constant, Charles",0,0,0,0,0,0,1,0,0
"Steingold, Joel",0,0,0,0,0,0,0,1,0
"Michelle, Tiffany",0,0,0,0,0,0,0,1,0
"Rodger, Kate (I)",0,0,0,0,0,0,0,0,1
"Duncan, Alastair (I)",0,0,0,0,0,0,1,0,1
"Toma, Alex",0,0,0,0,0,0,0,0,1
"Medico, Michael",0,0,0,0,0,0,1,0,0
"Bryan, Zachery Ty",0,0,0,0,0,0,0,0,1
"Baker, Scott Thompson (I)",0,0,0,0,0,0,1,0,0
"Stashwick, Todd",0,0,0,0,0,0,1,0,1
"Metcalf, Mark",0,0,0,0,0,0,1,0,1
"Giordani, Michael",0,0,0,0,0,0,0,0,1
"Marlon, Amanda",0,0,1,0,0,0,0,0,0
"Dyniewicz, Mark Casimir",1,0,0,0,1,0,0,0,0
"Hadley, Melina",0,1,0,0,0,0,0,0,0
"Doucette, Jeff (I)",0,0,0,0,1,0,0,0,0
"Carmona, Giancarlo",0,0,0,0,0,0,1,0,0
"Martin, Rudolf",0,0,0,0,0,0,0,0,1
"Hennings, Sam",0,0,0,0,1,0,0,0,0
"Shen, Parry",0,0,0,0,0,0,0,0,1
"Stinson, Patrick",0,0,0,0,1,0,0,0,0
"Acker, Amy",1,0,1,1,1,0,1,0,0
"Birmingham, Gil",0,0,0,0,0,0,0,0,1
"Reed, Nikki (I)",0,1,0,0,0,0,0,0,0
"Evors, Rob",0,0,0,0,0,0,1,0,0
"Luna, Ricky (I)",0,0,0,0,0,0,1,0,0
"Calloway, Glenn David",0,0,0,0,0,0,1,0,0
"Paul, Adam (I)",0,0,0,0,0,0,0,0,1
"Williams, Brian J.",0,0,0,0,0,0,0,1,1
"Corcoran, Imelda",1,0,0,0,0,0,0,0,0
"Wayne, William (II)",0,0,0,0,0,0,1,0,0
"Frederiksen, Peter (I)",0,0,1,0,0,0,0,0,0
"O'Donnell, Jerry",0,0,0,0,0,0,1,0,0
"Kehler, Jack",0,0,0,0,0,0,1,0,0
"Grantham, Ken (I)",0,0,0,0,0,0,1,0,0
"Roberts, Jeremy (I)",0,0,0,0,0,0,0,0,1
"Kanouse, Lyle",0,0,0,0,0,0,1,1,0
"Anselmi, Anthony",0,0,0,0,0,0,0,0,1
"Canaan, Michael G.",0,0,0,0,0,1,0,0,0
"Franklin, Nelson",1,0,0,0,1,0,0,0,0
"Tracy, Jennifer (II)",0,0,0,0,0,0,1,0,0
"Bitterman, Adam",0,0,0,0,0,0,0,0,1
"Fields, Beyondka",0,0,0,0,0,0,1,0,0
"Newton, Jake (I)",1,0,0,0,0,0,0,0,0
"Ross, Patty",0,0,0,0,0,0,0,0,1
"Slome, Susan",0,0,0,0,0,0,1,0,0
"Furneaux, Kylie",1,0,0,0,0,0,0,0,0
"Pillow, Keith",0,0,0,0,1,0,0,0,0
"Bermingham, Gigi",1,0,0,0,0,0,0,0,0
"Monahan, David (I)",0,0,0,0,0,0,1,0,0
"Reherman, Lee",0,0,0,0,0,0,1,0,0
"Ndefo, Obi",0,0,0,0,0,0,1,0,0
"Jennings, Dominique",0,0,0,0,0,0,1,0,0
"Goss, Peggy",0,0,0,0,0,0,0,0,1
"Converse-Roberts, William",0,0,0,0,0,0,0,1,0
"Penzato, Otto Michael",0,0,0,0,0,1,0,0,0
"Nishiwaki, Michiko",0,0,0,0,0,0,0,0,1
"Kilpatrick, Patrick",0,0,0,0,0,0,1,0,0
"Graf, Allan",1,0,0,0,0,0,0,0,0
"Taira, Sara",0,0,0,1,0,0,0,0,0
"Sharmat, Jeffrey",0,0,0,0,0,0,0,0,1
"McCullough, Suli",0,0,0,0,0,0,1,0,0
"Stoffer, Joel",0,0,0,0,0,0,1,0,0
"Simpson, Alison",0,0,0,0,0,0,1,0,0
"Renner, Brian (I)",0,0,0,0,0,0,1,0,0
"Kusatsu, Clyde",0,0,0,0,1,0,0,0,0
"Wise, Ben (II)",1,0,0,0,0,0,0,0,0
"Hinkley, Brent",0,0,0,0,0,0,0,0,1
"Kriski, Mark",0,0,0,0,0,0,0,0,1
"Warren, Kelly Lynn",0,0,0,0,0,0,0,0,1
"Krawic, Michael",0,0,0,0,0,0,1,0,0
"Casper, Matt (I)",0,0,0,0,0,0,1,0,0
"Tasz, Ryan",0,0,0,0,0,0,0,0,1
"Jay, Lisa (II)",0,0,0,0,0,0,0,0,1
"Young, Harrison (I)",0,0,0,0,0,0,0,0,1
"Underwood, Blair",1,0,0,0,0,0,0,0,0
"Lenk, Tom",0,0,1,1,0,0,1,0,1
"Fitzgerald, Micah",1,0,0,0,0,0,0,0,0
"McGrath, Lara",0,0,0,0,0,0,1,0,0
"Sutyak, Gerry",0,0,0,0,0,0,0,0,1
"Glaser, Asher",0,0,0,0,0,0,0,0,1
"Kreiss, Andy",0,0,0,0,0,0,1,0,0
"Eginton, Madison",0,0,0,0,0,0,1,0,0
"Lennarson, Nels",0,0,0,1,0,0,0,0,0
"Darwiche, Mo",1,0,0,0,0,0,0,0,0
"Godley, Adam",0,0,0,0,1,0,0,0,0
"Breitmayer, Peter",0,0,0,0,0,0,1,0,0
"Weber, Charlie (I)",0,0,0,0,0,0,0,0,1
"Quijano, Alex",0,0,0,0,1,0,0,0,0
"Allen, Jush",1,0,0,0,0,0,0,0,0
"Adams, April (II)",0,0,0,0,0,0,0,0,1
"Garnich, Monica Serene",0,0,0,0,0,0,0,0,1
"Quinn, Glenn (I)",0,0,0,0,0,0,1,0,0
"Civiello, Julie",1,0,0,0,0,0,0,0,0
"Go, Maria",0,0,0,1,0,0,0,0,0
"O'Hara, Sonja",0,0,0,0,1,0,0,0,0
"Baldoni, Emily",1,0,0,0,0,0,0,0,0
"O'Brien, Paul (I)",0,0,0,0,0,0,1,0,0
"Bonifant, J. Evan",0,0,0,0,0,0,0,0,1
"Fontana, Jenni (I)",0,0,0,0,1,0,0,0,0
"Balfour, Eric",0,0,0,0,0,0,0,0,1
"Red-Horse, Valerie",0,0,0,0,0,0,0,1,0
"Weir, Helen (III)",0,0,1,0,0,0,0,0,0
"Bloom, Brooke",0,0,0,0,0,0,0,0,1
"Kartvedt, Mikal",1,0,0,0,0,0,0,0,0
"Grimm, Anna",0,0,1,0,0,0,0,0,0
"O'Farrell, Conor (I)",0,0,0,0,0,0,0,0,1
"Strunk, Ken",0,0,0,0,0,0,0,0,1
"Hiren, Nicholl",0,0,0,0,0,0,1,0,0
"LaMontagne, Cynthia",0,0,0,0,0,0,0,0,1
"Norton, Corin",0,0,0,0,0,0,0,0,1
"Armstrong, Vaughn",0,0,0,0,0,0,0,0,1
"Johnson, Selena",0,0,0,0,1,0,0,0,0
"Fernandez, Eddie J.",1,0,0,0,0,0,0,0,0
"Savant, Doug",0,0,0,0,0,0,0,1,0
"Rendino, Sal",0,0,0,0,0,0,1,0,0
"Hughes, Ciara",0,0,0,0,0,0,1,0,0
"Payne, Elizabeth (II)",0,0,0,0,0,0,0,0,1
"Winer, Jason",0,0,0,0,0,0,1,0,0
"MacLachlan, Kyle",1,0,0,0,0,0,0,0,0
"Yang, Jimmy O.",1,0,0,0,0,0,0,0,0
"Rush, Ken (I)",0,0,0,0,0,0,1,0,0
"White, Gregory (I)",0,0,0,0,0,0,0,0,1
"Bartlett, Bonnie",0,0,0,0,0,0,0,1,0
"Daniel, Marshe",0,0,0,0,0,0,0,0,1
"O'Brien, Deirdre (I)",0,0,0,0,0,0,1,0,0
"Stubbs, Piers",1,0,0,0,0,0,0,0,0
"Hoyle, Lisa",0,0,0,0,0,0,0,0,1
"Saint Ryan, John",0,0,0,0,0,0,0,0,1
"Morgan, Jeffrey Dean",0,0,0,0,0,0,1,0,0
"Beck, Billy (I)",0,0,0,0,1,0,0,0,0
"Unger, Joe",0,1,0,0,0,0,0,0,0
"Baker, Ariel",0,0,0,0,0,0,1,0,0
"Heyn, Megan",0,0,0,0,1,0,0,0,0
"Cabasa, Lisa Ann",0,0,0,0,0,0,0,0,1
"Christner, Gil",0,0,0,0,0,0,0,0,1
"Hules, Endre",1,0,0,0,0,0,0,0,0
"Shadanloo, Rome",0,0,0,0,1,0,0,0,0
"Benoit, Morgan (I)",1,0,0,0,0,0,0,0,0
"Douglas, Deanna Lee",0,0,0,0,1,0,0,0,0
"Lennix, Harry",0,0,0,0,1,0,0,0,0
"Papineau, Jeannette",0,0,0,0,0,0,0,0,1
"Colbert, Catero",0,1,0,0,0,0,0,0,0
"Brett, Marilyn",0,0,0,0,0,0,0,0,1
"Cole, John Brantley",0,0,0,0,1,0,0,0,0
"Youngberg, Rob (II)",0,0,0,0,0,0,0,0,1
"Grubbs, Gary",0,0,0,0,0,0,1,0,0
"Cudlitz, Michael",0,0,0,0,0,0,0,0,1
"Oswalt, Patton",1,0,0,0,1,0,0,0,0
"Van, Jason",0,0,0,0,0,0,0,1,0
"Stahl, John (I)",0,0,1,0,0,0,0,0,0
"Kelly, Michele (I)",0,0,0,0,0,0,1,0,0
"Noxon, Marti",0,0,0,0,0,1,1,0,1
"Currier, Kayd",0,1,0,0,0,0,0,0,0
"Passoja, Erik",0,0,0,0,0,0,0,1,0
"Montez, Paul-Felix",0,0,0,0,0,0,0,0,1
"Davis, William Stanford",0,0,0,0,0,0,1,0,0
"Daube, Jermyn",0,0,0,0,0,0,0,0,1
"Mann, Alex Craig",0,0,0,0,0,0,1,0,0
"Wistrom, Dan",0,0,0,0,0,0,0,0,1
"Werntz, Gary",0,0,0,0,0,0,0,1,0
"Vander, Musetta",0,0,0,0,0,0,0,0,1
"Adams, Amy (III)",0,0,0,0,0,0,0,0,1
"Rolfes, Andy",0,0,0,0,0,0,0,1,0
"Hetrick, Jennifer",0,0,0,0,0,0,0,0,1
"Hagan, Sarah (I)",0,0,0,0,0,0,0,0,1
"Boyer, Katy",0,0,0,0,0,0,1,0,0
"Larranaga, Catalina",0,0,0,0,0,0,1,0,0
"Costanich, Bryan",0,0,0,0,1,0,0,0,0
"Brunsmann, Keith",0,0,0,0,0,0,0,0,1
"Avery, Carol",0,0,0,0,0,0,1,0,0
"Bailey, Preston (I)",0,1,0,0,0,0,0,0,0
"Tamm, Daniel",0,0,0,0,0,0,0,0,1
"Grammer, David",0,0,0,0,0,0,0,0,1
"Triplett, Stephen",0,0,0,0,0,0,0,0,1
"Scott Thomas, Serena",0,0,0,0,0,0,0,0,1
"Griggs, Camila",0,0,0,0,0,0,0,0,1
"Blong, Jenni (I)",0,0,0,0,0,0,1,0,0
"Washington, Anthony D.",1,0,0,0,0,0,0,0,0
"Bender, Cameron",0,0,0,0,0,0,0,0,1
"Cottrell, Richie",1,0,0,0,0,0,0,0,0
"Neiman, Christopher",0,0,0,0,0,0,1,0,0
"Ritter, Tyler",1,0,0,0,0,0,0,0,0
"Thirus, Keir",0,0,0,0,1,0,0,0,0
"Van Holt, Brian",1,0,0,0,0,0,0,0,0
"Wu, Kristy",0,0,0,0,0,0,0,0,1
"Blanchette, Jim",0,0,0,0,0,0,1,0,0
"Allen, Elizabeth Anne",0,0,0,0,0,0,0,0,1
"Lim, David (IX)",1,0,0,0,0,0,0,0,0
"Hutchison, Anna (I)",0,0,0,1,0,0,0,0,0
"Russell, Madison",0,0,0,0,1,0,0,0,0
"Harelik, Mark",0,0,0,0,0,0,1,0,0
"Linehan, Kevin (II)",0,0,0,0,1,0,0,0,0
"Mavity, Abigail",0,0,0,0,0,0,1,0,1
"French, Jessa",0,0,0,0,0,0,0,0,1
"Paul, David Michael",1,0,0,0,0,0,0,0,0
"Burgi, Richard",0,0,0,0,0,0,0,1,0
"Hardrict, Cory",0,0,0,0,0,0,1,0,0
"Benítez, Benjamín (I)",0,0,0,0,0,0,1,0,0
"Coronel, Al",1,0,0,0,0,0,0,0,0
"Thorley, Ken",0,0,0,0,0,0,0,0,1
"Bean, Steven",0,0,0,0,0,0,1,0,0
"Owers, Kevin",0,0,0,0,0,0,1,0,1
"Bilderback, Nicole",0,0,0,0,0,0,0,0,1
"Abele, Jim (I)",0,0,0,0,0,0,1,0,0
"Morizawa, Julia",0,0,0,0,0,0,0,0,1
"Dehring, Daniel",0,0,0,0,0,0,0,0,1
"Stone, Skyler",0,0,0,0,1,0,0,0,0
"Roebuck, Daniel",1,0,0,0,0,0,0,0,0
"Holden, Kara (I)",0,0,0,0,0,0,1,0,0
"Trainor, Jerry",0,0,0,0,0,0,1,0,0
"Smith, Jeffrey Steven",0,0,0,0,0,0,0,0,1
"Kartheiser, Vincent",0,0,0,0,0,0,1,0,0
"Blucas, Marc",0,0,0,0,0,0,0,0,1
"Bellin, Thomas",0,0,0,0,0,0,0,0,1
"Wright, David Grant (I)",0,0,0,0,0,0,1,0,0
"Brandon, Michael Robert (I)",0,0,0,0,0,0,1,0,0
"Kiper, Jessica",0,0,0,0,0,0,1,0,0
"Garner, Kelli",0,0,0,0,0,0,0,0,1
"Corrales, Anthony",1,0,0,0,0,0,0,0,0
"Slavin, Randall (I)",0,0,0,0,0,0,1,0,0
"Williams, Thom (II)",0,0,0,0,0,0,0,0,1
"Astin, Mackenzie",1,0,0,0,0,0,0,0,0
"Lee, James S.W.",0,0,0,0,1,0,0,0,0
"Clarke, Larry",0,0,0,0,0,0,0,0,1
"Knight, John (II)",0,0,0,0,0,0,0,0,1
"Arrison, Theresa",0,0,0,0,0,0,1,0,0
"Chase, Bailey",0,0,0,0,0,0,0,0,1
"Pennell, Larry",0,0,0,0,0,0,0,1,0
"Tartakow, Jordan",0,0,0,0,1,0,0,0,0
"Templeman, Simon",0,0,0,0,0,0,1,0,0
"Burnham, Mark (I)",0,0,0,0,0,0,0,0,1
"Cannon, Carey",0,0,0,0,0,0,1,0,0
"Deakins, Mark",0,0,0,0,0,0,0,0,1
"Summers, Mike (III)",0,0,0,0,0,0,0,0,1
"Giles, Jerry",0,0,0,0,0,0,1,0,0
"Roy, Steven (II)",0,0,0,0,0,0,1,0,0
"Bode, Ben",0,0,0,0,1,0,0,0,0
"Lagano, Alicia",1,0,0,0,0,0,0,0,0
"Holt, Tara (I)",0,0,0,0,1,0,0,0,0
"Cleven, Chad",1,0,0,0,0,0,0,0,0
"Calvert, Marion",0,0,0,0,0,0,0,0,1
"Berman, Scott (I)",0,0,0,0,0,0,1,0,1
"Shirk, Stacy",0,0,0,0,0,1,0,0,0
"Carrington, Debbie Lee",0,0,0,0,0,0,0,0,1
"Premoli, Sergio",0,0,0,0,0,0,1,0,0
"Lee, Robinne",0,0,0,0,0,0,0,0,1
"Gruttadauria, Kiera",0,1,0,0,0,0,0,0,0
"Boreanaz, David",0,0,0,0,0,0,1,0,1
"Estornel, Alejandro",0,0,0,0,0,0,0,0,1
"Brown, Alan Henry",0,0,0,0,0,0,0,0,1
"Forbess, Steve",0,0,0,0,0,0,1,0,0
"Labes, Philip",1,0,0,0,0,0,0,0,0
"Edwards, Edward (I)",0,0,0,0,0,0,0,0,1
"Browning, Ryan (I)",0,0,0,0,0,0,0,0,1
"Matthews, Dex",0,0,1,0,0,0,0,0,0
"Duffey, Todd",0,0,0,0,0,0,0,0,1
"Paley, Mimi",0,0,0,0,0,0,0,0,1
"Hyde-White, Alex",1,0,0,0,0,0,0,0,0
"Jabaley, John",0,0,0,0,0,0,0,1,1
"McMillian, Michael (I)",0,0,0,0,0,0,0,1,0
"Nakamura, Tod",0,0,0,0,0,0,0,1,0
"Moses, Brett (I)",0,0,0,0,0,0,0,0,1
"Kallaway, David (I)",0,0,0,0,0,0,1,0,0
"Lund, Jordan",0,0,0,0,0,0,0,1,0
"Pomichter, James (I)",0,0,0,0,0,0,1,0,0
"Wiles, Michael Shamus",0,0,0,0,0,0,1,0,0
"Moorman, Glen",0,0,1,0,0,0,0,0,0
"Ferretti, Sabrine",1,0,0,0,0,0,0,0,0
"Brown, Glenda Morgan",0,0,0,0,0,0,1,0,0
"Green, Seth (I)",0,0,0,0,0,0,1,0,1
"Grimes, Dean",0,0,0,0,0,0,0,0,1
"Garrett, Jordan (I)",0,0,0,0,0,0,1,0,0
"Zieff, Rick",0,0,0,0,0,0,0,0,1
"Wald, David (I)",0,0,0,0,0,0,1,0,0
"Henriksen, James",0,0,0,0,0,0,1,0,0
"Raba, Juan Pablo",1,0,0,0,0,0,0,0,0
"Rolston, Mark",0,0,0,0,0,0,1,0,0
"Grace, Paul (V)",0,0,0,0,0,0,0,0,1
"Tran, Thom",0,0,0,0,1,0,0,0,0
"Phillips, Jeff Daniel",1,0,0,0,0,0,0,0,0
"Manukian, Ludwig",1,0,0,0,0,0,0,0,0
"Leopard, Michael",0,0,0,0,0,0,0,0,1
"Snedeker, Bradley (I)",0,0,0,0,0,0,1,0,0
"Johnson, Lauri (I)",0,0,0,0,0,0,1,0,0
"Gage, Edward James",0,0,0,0,0,0,1,0,1
"Wagner, Gabrielle",0,0,0,0,0,0,0,1,0
"Forrestal, Jane",0,1,0,0,0,0,0,0,0
"Ward, Vincent M.",0,0,0,0,1,0,0,0,0
"Wallace, George (I)",0,0,0,0,0,0,0,0,1
"Blendell, Troy",0,0,0,0,0,0,0,0,1
"Mitichyan, Roman",1,0,0,0,0,0,0,0,0
"Daneri, Mark",0,0,0,0,0,0,0,0,1
"Mabrey, Sunny",0,0,0,0,0,0,1,0,0
"Douglas, Cullen",1,0,0,0,0,0,0,0,0
"Pyfrom, Shawn",0,0,0,0,0,0,0,0,1
"Reim, Donna Glee",0,1,0,0,0,0,0,0,0
"Cooper, Samuel Bliss",0,0,0,0,0,0,0,0,1
"Towles, Tom",0,0,0,0,0,0,0,1,0
"Mount, Anson",0,0,0,0,1,0,0,0,0
"Johnson, Jesse (III)",0,0,0,0,1,0,0,0,0
"LaMar, Gabrielle",0,0,0,0,0,0,0,0,1
"Wyner, Tom",0,0,0,0,0,0,0,0,1
"Abrahams, Faith S.",0,0,0,0,0,0,0,0,1
"Alu, Kim",0,0,1,0,0,0,0,0,0
"Kelamis, Peter",0,0,0,1,0,0,0,0,0
"Berg, Steve (IV)",0,0,0,0,0,1,0,0,0
"Ankeny, Mark",0,0,0,0,0,0,0,0,1
"Bowman, Michael R",0,0,0,0,0,0,0,0,1
"Brewer, Bobby",0,0,0,0,0,0,0,0,1
"Deal, Tiffany",0,0,0,0,0,0,1,0,0
"Garcia, Mark-Eugene",0,0,0,0,0,0,0,0,1
"Dushku, Nate",0,0,0,0,1,0,1,0,0
"Culp, Clint",0,0,0,0,0,0,0,0,1
"Dandridge, Merle",0,0,0,0,0,0,1,0,0
"Goodman, Christopher (I)",0,0,0,0,1,0,0,0,0
"Ratchford, Jeremy",0,0,0,0,0,0,0,0,1
"Tohn, Jackie",0,0,0,0,0,0,1,0,0
"Silber, Lysandra (II)",0,0,1,0,0,0,0,0,0
"Abrell, Brad",0,0,0,0,0,0,1,0,0
"Appel, Craig",0,0,0,0,0,0,1,0,0
"Schultz, Woody",0,0,0,0,0,0,1,0,0
"Price, Brenda (I)",0,0,0,0,0,0,1,0,0
"Turner, Lawrence",0,0,0,0,0,0,1,0,0
"Röhm, Elisabeth",0,0,0,0,0,0,1,0,0
"Weathers, Mark (I)",0,0,0,0,0,0,0,0,1
"Babin, Lucas",0,0,0,0,0,0,1,0,0
"Williams, Ginger (I)",0,0,0,0,0,0,0,0,1
"Rothhaar, Will",0,0,0,0,0,0,0,0,1
"Reinis, Rob",1,0,0,0,0,1,0,0,0
"Hungerford, Michael",0,0,0,0,0,0,1,0,0
"Burr, Thomas",0,0,0,0,0,0,1,0,0
"Reddy, Brian",0,0,0,0,0,0,0,0,1
"Bell, Jeffrey (I)",0,0,0,0,0,0,1,0,0
"Gage, Kevin",0,0,0,0,0,0,0,1,0
"Salsedo, Frank",0,0,0,0,0,0,1,0,0
"Bettens, Gert",0,0,0,0,0,0,0,0,1
"Holter, Emil",1,0,0,0,0,0,0,0,0
"McCracken, John T.",0,0,1,0,0,0,0,0,0
"Reed, Tanoai",0,0,0,0,1,0,0,0,1
"Jesser, Bob",0,0,0,0,0,0,1,0,0
"Burke, Carlease (I)",0,0,0,0,1,0,0,0,1
"Harris, Bob (VII)",0,0,0,0,0,0,0,0,1
"Caffrey, Joe (I)",0,0,1,0,0,0,0,0,0
"Keener, Brandon (I)",0,0,0,0,0,0,0,0,1
"Rohner, Clayton",0,0,0,0,1,0,1,0,0
"Fuller, Stephon",0,0,0,0,1,0,0,0,0
"Corbin, Jeff",0,0,0,0,1,0,0,0,0
"Hines, Brendan (I)",0,0,0,0,0,0,1,0,0
"Avery, Rebecca (I)",0,0,0,0,0,0,1,0,0
"Colson, Mark",0,0,0,0,0,0,1,0,0
"Bailey, Steven W.",0,0,0,0,0,0,1,0,1
"Casnoff, Philip",0,0,0,0,1,0,0,0,0
"Pidgeon, Matthew",0,0,1,0,0,0,0,0,0
"Lussier, Paul (II)",0,1,0,0,0,0,0,0,0
"Berman, Josh (V)",0,0,1,0,0,0,0,0,0
"Nichols, Lance E.",0,0,0,0,0,0,0,0,1
"Eddins, John",0,0,0,0,1,0,1,0,0
"Baik, Alex",0,0,0,0,0,0,0,0,1
"Hamilton, Rene (I)",0,0,0,0,0,0,1,1,0
"Paez, Alex (I)",1,0,0,0,0,0,0,0,0
"Bartlett, Jan (I)",0,0,0,0,0,0,1,0,0
"Hart, Christopher (I)",0,0,0,0,0,0,1,0,0
"Steiger, Joan Benedict",0,0,0,0,1,0,0,0,0
"Naked, Bif",0,0,0,0,0,0,0,0,1
"Fallon, Francis",0,0,0,0,0,0,1,0,0
"Mack, Shelley",0,0,0,0,1,0,0,0,0
"Alexander, Jaimie",1,0,0,0,0,0,0,0,0
"Ferguson, Jim (X)",0,0,0,0,0,0,0,0,1
"Luttrell, Erica",0,0,0,0,0,0,0,0,1
"Crawford, Sophia",0,0,0,0,0,0,0,0,1
"Fox, Rick (I)",0,0,0,0,1,0,0,0,0
"Rocha, Christopher (I)",1,0,0,0,0,0,0,0,0
"Bruskotter, Eric",0,0,0,0,0,0,1,0,0
"Ingleman, Kyle O.",0,0,0,0,0,0,1,0,0
"Zader, Omid (III)",1,0,0,0,0,0,0,0,0
"Bergere, Jenica",0,0,0,0,1,0,0,0,0
"Leslie, Paul (II)",0,0,1,0,0,0,0,0,0
"Bishop, Donald",0,0,0,0,0,0,0,0,1
"Seay, Laura",1,0,0,0,0,0,0,0,0
"Nesic, Alex",0,0,0,0,0,0,1,0,0
"Malone, Colin (II)",0,0,0,0,0,0,0,0,1
"Reiser, Rock",0,0,0,0,0,0,0,0,1
"Kawashima, Emili",0,0,0,1,0,0,0,0,0
"Tobias, Jesse",0,0,0,0,0,0,0,0,1
"Raddatz, Ryan",0,0,0,0,0,0,0,0,1
"Wolfe, Daniel (III)",1,0,0,0,0,0,0,0,0
"Jenkins, Richard (I)",0,0,0,1,0,0,0,0,0
"Eckhardt, Damien",0,0,0,0,0,0,0,0,1
"Kley, Chaney",0,0,0,0,0,0,0,0,1
"Wicks, Drew (I)",0,0,0,0,1,0,1,0,0
"Hillary, Shannon (I)",0,0,0,0,0,0,0,0,1
"Klesic, Michael",1,0,0,0,0,0,0,0,0
"Dingle, Geremy",0,0,0,0,0,0,1,0,0
"Robinson, Hal (I)",0,0,0,0,0,0,0,0,1
"Brennan, Jake (I)",1,0,0,0,0,0,0,0,0
"Fillion, Nathan",0,0,1,0,0,1,0,1,1
"McCrackin, Daisy",0,0,0,0,0,0,1,0,0
"Morgese, Jillian",0,0,1,0,0,0,0,0,0
"Chance, Amy (II)",0,0,0,0,0,0,0,0,1
"Walsh, Maiara",1,0,0,0,0,0,0,0,0
"Partlow, Richard",0,0,0,0,0,1,0,0,0
"Munic, Robert",0,0,0,0,0,0,0,0,1
"Cole, Jeff (IV)",0,0,0,0,1,0,0,0,0
"Pascal, Pedro",0,0,0,0,0,0,0,0,1
"Enrique, Sergio (I)",0,0,0,0,1,0,0,0,0
"Gant, Justin (I)",1,0,0,0,0,0,0,0,0
"Scanlon, Tim (I)",0,0,0,0,1,0,0,0,0
"McMillon, Derrick L.",0,0,0,0,0,0,0,0,1
"Moore, Joel David",0,0,0,0,0,0,1,0,0
"Emerson, Christopher (III)",0,0,0,0,0,0,0,0,1
"Latrese, Niki",0,0,0,0,0,0,1,0,0
"Cummings, Erin (I)",0,0,0,0,1,0,0,0,0
"Morgan, Branden R.",1,0,0,0,0,0,0,1,0
"Roberts, Damani",0,0,0,0,0,0,0,0,1
"Jenkins, Jim (I)",0,0,0,0,0,0,0,0,1
"Benz, Julie",0,0,0,0,0,0,1,0,1
"Schwartz, Scott L.",0,0,0,0,0,0,1,0,0
"Nissi, Lauren",0,0,0,0,0,0,0,0,1
"Vadnais, Julee",0,1,0,0,0,0,0,0,0
"Landau, Juliet",0,0,0,0,0,0,1,0,1
"Daugherty, Josh (I)",1,0,0,0,0,0,0,0,0
"Bradley, Brian (I)",0,0,0,0,0,0,1,0,0
"Stojan, Maya",1,0,0,0,0,0,0,0,0
"Negga, Ruth",1,0,0,0,0,0,0,0,0
"Cohen, Assaf (I)",1,0,0,0,0,0,0,0,0
"Wendt, Anna (II)",0,0,0,0,0,0,1,0,0
"Ruiz, Jesus (I)",0,0,0,0,1,0,0,0,0
"Gilborn, Steven",0,0,0,0,0,0,0,0,1
"Nespoli, Carl Anthony",0,0,0,0,0,0,0,0,1
"Torre, Oscar",0,0,0,0,1,0,0,0,0
"Taylor, Stephen Monroe",0,1,0,0,0,0,0,0,0
"Moncure, R. Emerson",0,0,1,0,0,0,0,0,0
"Wright, Andrea (II)",0,0,0,0,1,0,0,0,0
"Leeb, Alexander",1,0,0,0,0,0,0,0,0
"Valerius, Kai",1,0,0,0,0,0,0,0,0
"Horton, Patrick A.",0,0,0,0,0,0,1,0,0
"Sundmacher, Jack",0,0,0,0,0,0,0,0,1
"Harris, Cantrell",0,0,0,0,1,0,0,0,0
"Streetz, Manny",0,0,0,0,1,0,0,0,0
"Sander, Casey",0,0,0,0,0,0,0,0,1
"Glave, Matthew",1,0,0,0,0,0,0,0,0
"Whitford, Bradley",0,0,0,1,0,0,0,0,0
"Merrell, Brandon",0,0,0,0,1,0,0,0,0
"Carradine, Keith",0,0,0,0,1,0,0,0,0
"Muhoro, Karara",0,0,0,0,0,0,0,0,1
"Everett, Lee (I)",0,0,0,0,0,0,0,0,1
"Campagnone, Ronnie",0,0,1,0,0,0,0,0,0
"Babers, Christopher",0,0,0,0,0,0,1,0,0
"Addison, Bernard (I)",0,0,0,0,0,0,1,0,1
"Redmond, Markus",0,0,0,0,0,0,1,0,0
"Wiley, Chris (I)",0,0,0,0,0,0,0,0,1
"Courtney, Stephanie (I)",0,0,0,0,0,0,1,0,0
"Safran, Keri",0,0,0,0,1,0,0,0,0
"Shubert, Jimmy",0,0,0,0,0,0,1,0,0
"Lagasca, Ana Maria",0,0,0,0,0,0,0,0,1
"Touzie, Houshang",1,0,0,0,0,0,0,0,0
"Donovan, Martin (II)",1,0,0,0,0,0,0,0,0
"Gunn, Bruno",0,0,0,0,0,0,1,0,1
"Burrows, Saffron",1,0,0,0,0,0,0,0,0
"Martin, Gregg (I)",1,0,0,0,0,0,0,0,0
"Cross, Meredith",0,0,0,0,0,0,0,0,1
"Grissom, Chet",0,0,0,0,1,0,0,0,1
"Jones, Doug (I)",0,0,0,0,0,0,0,0,1
"Dalzell, Julia",0,0,1,0,0,0,0,0,0
"Stemkovsky, Alex",0,0,0,0,0,0,0,1,0
"Billingsley, John (II)",0,0,0,0,0,0,1,0,0
"Lanza, Rob",0,0,0,0,0,0,1,0,0
"Wedding, AJ",0,0,0,0,0,0,0,0,1
"Kennedy, Darren (I)",0,0,0,0,0,0,1,0,0
"Ginter, Lindsey",0,0,0,0,0,0,1,0,0
